timestamp,Sorted
2024-08-02 00:54:42.958410,4
2024-08-02 00:54:53.867501,8
2024-08-02 00:55:04.776591,9
2024-08-02 00:55:10.650717,12
2024-08-02 00:55:15.685682,13
2024-08-02 00:55:21.559808,16
2024-08-02 00:55:26.594773,17
2024-08-02 00:55:32.468899,18
2024-08-02 00:55:38.343025,21
2024-08-02 00:55:43.377990,22
2024-08-02 00:55:49.252116,25
2024-08-02 00:55:54.287081,26
2024-08-02 00:56:00.161207,27
2024-08-02 00:56:06.035333,30
2024-08-02 00:56:11.070298,31
2024-08-02 00:56:16.944424,34
2024-08-02 00:56:21.979389,35
2024-08-02 00:56:27.853514,36
2024-08-02 00:56:33.727640,39
2024-08-02 00:56:38.762605,40
2024-08-02 00:56:44.636731,43
2024-08-02 00:56:49.671696,44
2024-08-02 00:56:55.545822,45
2024-08-02 00:57:01.419948,48
2024-08-02 00:57:06.454913,49
2024-08-02 00:57:12.329039,52
2024-08-02 00:57:17.364004,53
2024-08-02 00:57:23.238130,54
2024-08-02 00:57:29.112256,57
2024-08-02 00:57:34.147221,58
2024-08-02 00:57:40.021347,61
2024-08-02 00:57:45.056312,62
2024-08-02 00:57:50.930438,63
2024-08-02 00:57:56.804563,66
2024-08-02 00:58:01.839528,67
2024-08-02 00:58:07.713654,70
2024-08-02 00:58:12.748619,71
2024-08-02 00:58:18.622745,72
2024-08-02 00:58:24.496871,75
2024-08-02 00:58:29.531836,76
2024-08-02 00:58:35.405962,79
2024-08-02 00:58:40.440927,80
2024-08-02 00:58:46.315053,81
2024-08-02 00:58:52.189179,84
2024-08-02 00:58:57.224144,85
2024-08-02 00:59:03.098270,88
2024-08-02 00:59:08.133235,89
2024-08-02 00:59:14.007361,90
2024-08-02 00:59:19.881487,93
2024-08-02 00:59:24.916452,94
2024-08-02 00:59:30.790577,97
2024-08-02 00:59:35.825542,98
2024-08-02 00:59:41.699668,99
2024-08-02 00:59:47.573794,102
2024-08-02 00:59:52.608759,103
2024-08-02 00:59:58.482885,106
2024-08-02 01:00:03.517850,107
2024-08-02 01:00:09.391976,108
2024-08-02 01:00:15.266102,111
2024-08-02 01:00:20.301067,112
2024-08-02 01:00:26.175193,115
2024-08-02 01:00:31.210158,116
2024-08-02 01:00:37.084284,117
2024-08-02 01:00:42.958410,120
2024-08-02 01:00:47.993375,121
2024-08-02 01:00:53.867501,124
2024-08-02 01:00:58.902466,125
2024-08-02 01:01:04.776591,126
2024-08-02 01:01:10.650717,129
2024-08-02 01:01:15.685682,130
2024-08-02 01:01:21.559808,133
2024-08-02 01:01:26.594773,134
2024-08-02 01:01:32.468899,135
2024-08-02 01:01:38.343025,138
2024-08-02 01:01:43.377990,139
2024-08-02 01:01:49.252116,142
2024-08-02 01:01:54.287081,143
2024-08-02 01:02:00.161207,144
2024-08-02 01:02:06.035333,147
2024-08-02 01:02:11.070298,148
2024-08-02 01:02:16.944424,151
2024-08-02 01:02:21.979389,152
2024-08-02 01:02:27.853514,153
2024-08-02 01:02:33.727640,156
2024-08-02 01:02:38.762605,157
2024-08-02 01:02:44.636731,160
2024-08-02 01:02:49.671696,161
2024-08-02 01:02:55.545822,162
2024-08-02 01:03:01.419948,165
2024-08-02 01:03:06.454913,166
2024-08-02 01:03:12.329039,169
2024-08-02 01:03:17.364004,170
2024-08-02 01:03:23.238130,171
2024-08-02 01:03:29.112256,174
2024-08-02 01:03:34.147221,175
2024-08-02 01:03:40.021347,178
2024-08-02 01:03:45.056312,179
2024-08-02 01:03:50.930438,180
2024-08-02 01:03:56.804563,183
2024-08-02 01:04:01.839528,184
2024-08-02 01:04:07.713654,187
2024-08-02 01:04:12.748619,188
2024-08-02 01:04:18.622745,189
2024-08-02 01:04:24.496871,192
2024-08-02 01:04:29.531836,193
2024-08-02 01:04:35.405962,196
2024-08-02 01:04:40.440927,197
2024-08-02 01:04:46.315053,198
2024-08-02 01:04:52.189179,201
2024-08-02 01:04:57.224144,202
2024-08-02 01:05:03.098270,205
2024-08-02 01:05:08.133235,206
2024-08-02 01:05:14.007361,207
2024-08-02 01:05:19.881487,210
2024-08-02 01:05:24.916452,211
2024-08-02 01:05:30.790577,214
2024-08-02 01:05:35.825542,215
2024-08-02 01:05:41.699668,216
2024-08-02 01:05:47.573794,219
2024-08-02 01:05:52.608759,220
2024-08-02 01:05:58.482885,223
2024-08-02 01:06:03.517850,224
2024-08-02 01:06:09.391976,225
2024-08-02 01:06:15.266102,228
2024-08-02 01:06:20.301067,229
2024-08-02 01:06:26.175193,232
2024-08-02 01:06:31.210158,233
2024-08-02 01:06:37.084284,234
2024-08-02 01:06:42.958410,237
2024-08-02 01:06:47.993375,238
2024-08-02 01:06:53.867501,241
2024-08-02 01:06:58.902466,242
2024-08-02 01:07:04.776591,243
2024-08-02 01:07:10.650717,246
2024-08-02 01:07:15.685682,247
2024-08-02 01:07:21.559808,250
2024-08-02 01:07:26.594773,251
2024-08-02 01:07:32.468899,252
2024-08-02 01:07:38.343025,255
2024-08-02 01:07:43.377990,256
2024-08-02 01:07:49.252116,259
2024-08-02 01:07:54.287081,260
2024-08-02 01:08:00.161207,261
2024-08-02 01:08:06.035333,264
2024-08-02 01:08:11.070298,265
2024-08-02 01:08:16.944424,268
2024-08-02 01:08:21.979389,269
2024-08-02 01:08:27.853514,270
2024-08-02 01:08:33.727640,273
2024-08-02 01:08:38.762605,274
2024-08-02 01:08:44.636731,277
2024-08-02 01:08:49.671696,278
2024-08-02 01:08:55.545822,279
2024-08-02 01:09:01.419948,282
2024-08-02 01:09:06.454913,283
2024-08-02 01:09:12.329039,286
2024-08-02 01:09:17.364004,287
2024-08-02 01:09:23.238130,288
2024-08-02 01:09:29.112256,291
2024-08-02 01:09:34.147221,292
2024-08-02 01:09:40.021347,295
2024-08-02 01:09:45.056312,296
2024-08-02 01:09:50.930438,297
2024-08-02 01:09:56.804563,300
2024-08-02 01:10:01.839528,301
2024-08-02 01:10:07.713654,304
2024-08-02 01:10:12.748619,305
2024-08-02 01:10:18.622745,306
2024-08-02 01:10:24.496871,309
2024-08-02 01:10:29.531836,310
2024-08-02 01:10:35.405962,313
2024-08-02 01:10:40.440927,314
2024-08-02 01:10:46.315053,315
2024-08-02 01:10:52.189179,318
2024-08-02 01:10:57.224144,319
2024-08-02 01:11:03.098270,322
2024-08-02 01:11:08.133235,323
2024-08-02 01:11:14.007361,324
2024-08-02 01:11:19.881487,327
2024-08-02 01:11:24.916452,328
2024-08-02 01:11:30.790577,331
2024-08-02 01:11:35.825542,332
2024-08-02 01:11:41.699668,333
2024-08-02 01:11:47.573794,336
2024-08-02 01:11:52.608759,337
2024-08-02 01:11:58.482885,340
2024-08-02 01:12:03.517850,341
2024-08-02 01:12:09.391976,342
2024-08-02 01:12:15.266102,345
2024-08-02 01:12:20.301067,346
2024-08-02 01:12:26.175193,349
2024-08-02 01:12:31.210158,350
2024-08-02 01:12:37.084284,351
2024-08-02 01:12:42.958410,354
2024-08-02 01:12:47.993375,355
2024-08-02 01:12:53.867501,358
2024-08-02 01:12:58.902466,359
2024-08-02 01:13:04.776591,360
2024-08-02 01:13:10.650717,363
2024-08-02 01:13:15.685682,364
2024-08-02 01:13:21.559808,367
2024-08-02 01:13:26.594773,368
2024-08-02 01:13:32.468899,369
2024-08-02 01:13:38.343025,372
2024-08-02 01:13:43.377990,373
2024-08-02 01:13:49.252116,376
2024-08-02 01:13:54.287081,377
2024-08-02 01:14:00.161207,378
2024-08-02 01:14:06.035333,381
2024-08-02 01:14:11.070298,382
2024-08-02 01:14:16.944424,385
2024-08-02 01:14:21.979389,386
2024-08-02 01:14:27.853514,387
2024-08-02 01:14:33.727640,390
2024-08-02 01:14:38.762605,391
2024-08-02 01:14:44.636731,394
2024-08-02 01:14:49.671696,395
2024-08-02 01:14:55.545822,396
2024-08-02 01:15:01.419948,399
2024-08-02 01:15:06.454913,400
2024-08-02 01:15:12.329039,403
2024-08-02 01:15:17.364004,404
2024-08-02 01:15:23.238130,405
2024-08-02 01:15:29.112256,408
2024-08-02 01:15:34.147221,409
2024-08-02 01:15:40.021347,412
2024-08-02 01:15:45.056312,413
2024-08-02 01:15:50.930438,414
2024-08-02 01:15:56.804563,417
2024-08-02 01:16:01.839528,418
2024-08-02 01:16:07.713654,421
2024-08-02 01:16:12.748619,422
2024-08-02 01:16:18.622745,423
2024-08-02 01:16:24.496871,426
2024-08-02 01:16:29.531836,427
2024-08-02 01:16:35.405962,430
2024-08-02 01:16:40.440927,431
2024-08-02 01:16:46.315053,432
2024-08-02 01:16:52.189179,435
2024-08-02 01:16:57.224144,436
2024-08-02 01:17:03.098270,439
2024-08-02 01:17:08.133235,440
2024-08-02 01:17:14.007361,441
2024-08-02 01:17:19.881487,444
2024-08-02 01:17:24.916452,445
2024-08-02 01:17:30.790577,448
2024-08-02 01:17:35.825542,449
2024-08-02 01:17:41.699668,450
2024-08-02 01:17:47.573794,453
2024-08-02 01:17:52.608759,454
2024-08-02 01:17:58.482885,457
2024-08-02 01:18:03.517850,458
2024-08-02 01:18:09.391976,459
2024-08-02 01:18:15.266102,462
2024-08-02 01:18:20.301067,463
2024-08-02 01:18:26.175193,466
2024-08-02 01:18:31.210158,467
2024-08-02 01:18:37.084284,468
2024-08-02 01:18:42.958410,471
2024-08-02 01:18:47.993375,472
2024-08-02 01:18:53.867501,475
2024-08-02 01:18:58.902466,476
2024-08-02 01:19:04.776591,477
2024-08-02 01:19:10.650717,480
2024-08-02 01:19:15.685682,481
2024-08-02 01:19:21.559808,484
2024-08-02 01:19:26.594773,485
2024-08-02 01:19:32.468899,486
2024-08-02 01:19:38.343025,489
2024-08-02 01:19:43.377990,490
2024-08-02 01:19:49.252116,493
2024-08-02 01:19:54.287081,494
2024-08-02 01:20:00.161207,495
2024-08-02 01:20:06.035333,498
2024-08-02 01:20:11.070298,499
2024-08-02 01:20:16.944424,502
2024-08-02 01:20:21.979389,503
2024-08-02 01:20:27.853514,504
2024-08-02 01:20:33.727640,507
2024-08-02 01:20:38.762605,508
2024-08-02 01:20:44.636731,511
2024-08-02 01:20:49.671696,512
2024-08-02 01:20:55.545822,513
2024-08-02 01:21:01.419948,516
2024-08-02 01:21:06.454913,517
2024-08-02 01:21:12.329039,520
2024-08-02 01:21:17.364004,521
2024-08-02 01:21:23.238130,522
2024-08-02 01:21:29.112256,525
2024-08-02 01:21:34.147221,526
2024-08-02 01:21:40.021347,529
2024-08-02 01:21:45.056312,530
2024-08-02 01:21:50.930438,531
2024-08-02 01:21:56.804563,534
2024-08-02 01:22:01.839528,535
2024-08-02 01:22:07.713654,538
2024-08-02 01:22:12.748619,539
2024-08-02 01:22:18.622745,540
2024-08-02 01:22:24.496871,543
2024-08-02 01:22:29.531836,544
2024-08-02 01:22:35.405962,547
2024-08-02 01:22:40.440927,548
2024-08-02 01:22:46.315053,549
2024-08-02 01:22:52.189179,552
2024-08-02 01:22:57.224144,553
2024-08-02 01:23:03.098270,556
2024-08-02 01:23:08.133235,557
2024-08-02 01:23:14.007361,558
2024-08-02 01:23:19.881487,561
2024-08-02 01:23:24.916452,562
2024-08-02 01:23:30.790577,565
2024-08-02 01:23:35.825542,566
2024-08-02 01:23:41.699668,567
2024-08-02 01:23:47.573794,570
2024-08-02 01:23:52.608759,571
2024-08-02 01:23:58.482885,574
2024-08-02 01:24:03.517850,575
2024-08-02 01:24:09.391976,576
2024-08-02 01:24:15.266102,579
2024-08-02 01:24:20.301067,580
2024-08-02 01:24:26.175193,583
2024-08-02 01:24:31.210158,584
2024-08-02 01:24:37.084284,585
2024-08-02 01:24:42.958410,588
2024-08-02 01:24:47.993375,589
2024-08-02 01:24:53.867501,592
2024-08-02 01:24:58.902466,593
2024-08-02 01:25:04.776591,594
2024-08-02 01:25:10.650717,597
2024-08-02 01:25:15.685682,598
2024-08-02 01:25:21.559808,601
2024-08-02 01:25:26.594773,602
2024-08-02 01:25:32.468899,603
2024-08-02 01:25:38.343025,606
2024-08-02 01:25:43.377990,607
2024-08-02 01:25:49.252116,610
2024-08-02 01:25:54.287081,611
2024-08-02 01:26:00.161207,612
2024-08-02 01:26:06.035333,615
2024-08-02 01:26:11.070298,616
2024-08-02 01:26:16.944424,619
2024-08-02 01:26:21.979389,620
2024-08-02 01:26:27.853514,621
2024-08-02 01:26:33.727640,624
2024-08-02 01:26:38.762605,625
2024-08-02 01:26:44.636731,628
2024-08-02 01:26:49.671696,629
2024-08-02 01:26:55.545822,630
2024-08-02 01:27:01.419948,633
2024-08-02 01:27:06.454913,634
2024-08-02 01:27:12.329039,637
2024-08-02 01:27:17.364004,638
2024-08-02 01:27:23.238130,639
2024-08-02 01:27:29.112256,642
2024-08-02 01:27:34.147221,643
2024-08-02 01:27:40.021347,646
2024-08-02 01:27:45.056312,647
2024-08-02 01:27:50.930438,648
2024-08-02 01:27:56.804563,651
2024-08-02 01:28:01.839528,652
2024-08-02 01:28:07.713654,655
2024-08-02 01:28:12.748619,656
2024-08-02 01:28:18.622745,657
2024-08-02 01:28:24.496871,660
2024-08-02 01:28:29.531836,661
2024-08-02 01:28:35.405962,664
2024-08-02 01:28:40.440927,665
2024-08-02 01:28:46.315053,666
2024-08-02 01:28:52.189179,669
2024-08-02 01:28:57.224144,670
2024-08-02 01:29:03.098270,673
2024-08-02 01:29:08.133235,674
2024-08-02 01:29:14.007361,675
2024-08-02 01:29:19.881487,678
2024-08-02 01:29:24.916452,679
2024-08-02 01:29:30.790577,682
2024-08-02 01:29:35.825542,683
2024-08-02 01:29:41.699668,684
2024-08-02 01:29:47.573794,687
2024-08-02 01:29:52.608759,688
2024-08-02 01:29:58.482885,691
2024-08-02 01:30:03.517850,692
2024-08-02 01:30:09.391976,693
2024-08-02 01:30:15.266102,696
2024-08-02 01:30:20.301067,697
2024-08-02 01:30:26.175193,700
2024-08-02 01:30:31.210158,701
2024-08-02 01:30:37.084284,702
2024-08-02 01:30:42.958410,705
2024-08-02 01:30:47.993375,706
2024-08-02 01:30:53.867501,709
2024-08-02 01:30:58.902466,710
2024-08-02 01:31:04.776591,711
2024-08-02 01:31:10.650717,714
2024-08-02 01:31:15.685682,715
2024-08-02 01:31:21.559808,718
2024-08-02 01:31:26.594773,719
2024-08-02 01:31:32.468899,720
2024-08-02 01:31:38.343025,723
2024-08-02 01:31:43.377990,724
2024-08-02 01:31:49.252116,727
2024-08-02 01:31:54.287081,728
2024-08-02 01:32:00.161207,729
2024-08-02 01:32:06.035333,732
2024-08-02 01:32:11.070298,733
2024-08-02 01:32:16.944424,736
2024-08-02 01:32:21.979389,737
2024-08-02 01:32:27.853514,738
2024-08-02 01:32:33.727640,741
2024-08-02 01:32:38.762605,742
2024-08-02 01:32:44.636731,745
2024-08-02 01:32:49.671696,746
2024-08-02 01:32:55.545822,747
2024-08-02 01:33:01.419948,750
2024-08-02 01:33:06.454913,751
2024-08-02 01:33:12.329039,754
2024-08-02 01:33:17.364004,755
2024-08-02 01:33:23.238130,756
2024-08-02 01:33:29.112256,759
2024-08-02 01:33:34.147221,760
2024-08-02 01:33:40.021347,763
2024-08-02 01:33:45.056312,764
2024-08-02 01:33:50.930438,765
2024-08-02 01:33:56.804563,768
2024-08-02 01:34:01.839528,769
2024-08-02 01:34:07.713654,772
2024-08-02 01:34:12.748619,773
2024-08-02 01:34:18.622745,774
2024-08-02 01:34:24.496871,777
2024-08-02 01:34:29.531836,778
2024-08-02 01:34:35.405962,781
2024-08-02 01:34:40.440927,782
2024-08-02 01:34:46.315053,783
2024-08-02 01:34:52.189179,786
2024-08-02 01:34:57.224144,787
2024-08-02 01:35:03.098270,790
2024-08-02 01:35:08.133235,791
2024-08-02 01:35:14.007361,792
2024-08-02 01:35:19.881487,795
2024-08-02 01:35:24.916452,796
2024-08-02 01:35:30.790577,799
2024-08-02 01:35:35.825542,800
2024-08-02 01:35:41.699668,801
2024-08-02 01:35:47.573794,804
2024-08-02 01:35:52.608759,805
2024-08-02 01:35:58.482885,808
2024-08-02 01:36:03.517850,809
2024-08-02 01:36:09.391976,810
2024-08-02 01:36:15.266102,813
2024-08-02 01:36:20.301067,814
2024-08-02 01:36:26.175193,817
2024-08-02 01:36:31.210158,818
2024-08-02 01:36:37.084284,819
2024-08-02 01:36:42.958410,822
2024-08-02 01:36:47.993375,823
2024-08-02 01:36:53.867501,826
2024-08-02 01:36:58.902466,827
2024-08-02 01:37:04.776591,828
2024-08-02 01:37:10.650717,831
2024-08-02 01:37:15.685682,832
2024-08-02 01:37:21.559808,835
2024-08-02 01:37:26.594773,836
2024-08-02 01:37:32.468899,837
2024-08-02 01:37:38.343025,840
2024-08-02 01:37:43.377990,841
2024-08-02 01:37:49.252116,844
2024-08-02 01:37:54.287081,845
2024-08-02 01:38:00.161207,846
2024-08-02 01:38:06.035333,849
2024-08-02 01:38:11.070298,850
2024-08-02 01:38:16.944424,853
2024-08-02 01:38:21.979389,854
2024-08-02 01:38:27.853514,855
2024-08-02 01:38:33.727640,858
2024-08-02 01:38:38.762605,859
2024-08-02 01:38:44.636731,862
2024-08-02 01:38:49.671696,863
2024-08-02 01:38:55.545822,864
2024-08-02 01:39:01.419948,867
2024-08-02 01:39:06.454913,868
2024-08-02 01:39:12.329039,871
2024-08-02 01:39:17.364004,872
2024-08-02 01:39:23.238130,873
2024-08-02 01:39:29.112256,876
2024-08-02 01:39:34.147221,877
2024-08-02 01:39:40.021347,880
2024-08-02 01:39:45.056312,881
2024-08-02 01:39:50.930438,882
2024-08-02 01:39:56.804563,885
2024-08-02 01:40:01.839528,886
2024-08-02 01:40:07.713654,889
2024-08-02 01:40:12.748619,890
2024-08-02 01:40:18.622745,891
2024-08-02 01:40:24.496871,894
2024-08-02 01:40:29.531836,895
2024-08-02 01:40:35.405962,898
2024-08-02 01:40:40.440927,899
2024-08-02 01:40:46.315053,900
2024-08-02 01:40:52.189179,903
2024-08-02 01:40:57.224144,904
2024-08-02 01:41:03.098270,907
2024-08-02 01:41:08.133235,908
2024-08-02 01:41:14.007361,909
2024-08-02 01:41:19.881487,912
2024-08-02 01:41:24.916452,913
2024-08-02 01:41:30.790577,916
2024-08-02 01:41:35.825542,917
2024-08-02 01:41:41.699668,918
2024-08-02 01:41:47.573794,921
2024-08-02 01:41:52.608759,922
2024-08-02 01:41:58.482885,925
2024-08-02 01:42:03.517850,926
2024-08-02 01:42:09.391976,927
2024-08-02 01:42:15.266102,930
2024-08-02 01:42:20.301067,931
2024-08-02 01:42:26.175193,934
2024-08-02 01:42:31.210158,935
2024-08-02 01:42:37.084284,936
2024-08-02 01:42:42.958410,939
2024-08-02 01:42:47.993375,940
2024-08-02 01:42:53.867501,943
2024-08-02 01:42:58.902466,944
2024-08-02 01:43:04.776591,945
2024-08-02 01:43:10.650717,948
2024-08-02 01:43:15.685682,949
2024-08-02 01:43:21.559808,952
2024-08-02 01:43:26.594773,953
2024-08-02 01:43:32.468899,954
2024-08-02 01:43:38.343025,957
2024-08-02 01:43:43.377990,958
2024-08-02 01:43:49.252116,961
2024-08-02 01:43:54.287081,962
2024-08-02 01:44:00.161207,963
2024-08-02 01:44:06.035333,966
2024-08-02 01:44:11.070298,967
2024-08-02 01:44:16.944424,970
2024-08-02 01:44:21.979389,971
2024-08-02 01:44:27.853514,972
2024-08-02 01:44:33.727640,975
2024-08-02 01:44:38.762605,976
2024-08-02 01:44:44.636731,979
2024-08-02 01:44:49.671696,980
2024-08-02 01:44:55.545822,981
2024-08-02 01:45:01.419948,984
2024-08-02 01:45:06.454913,985
2024-08-02 01:45:12.329039,988
2024-08-02 01:45:17.364004,989
2024-08-02 01:45:23.238130,990
2024-08-02 01:45:29.112256,993
2024-08-02 01:45:34.147221,994
2024-08-02 01:45:40.021347,997
2024-08-02 01:45:45.056312,998
2024-08-02 01:45:50.930438,999
2024-08-02 01:45:56.804563,1002
2024-08-02 01:46:01.839528,1003
2024-08-02 01:46:07.713654,1006
2024-08-02 01:46:12.748619,1007
2024-08-02 01:46:18.622745,1008
2024-08-02 01:46:24.496871,1011
2024-08-02 01:46:29.531836,1012
2024-08-02 01:46:35.405962,1015
2024-08-02 01:46:40.440927,1016
2024-08-02 01:46:46.315053,1017
2024-08-02 01:46:52.189179,1020
2024-08-02 01:46:57.224144,1021
2024-08-02 01:47:03.098270,1024
2024-08-02 01:47:08.133235,1025
2024-08-02 01:47:14.007361,1026
2024-08-02 01:47:19.881487,1029
2024-08-02 01:47:24.916452,1030
2024-08-02 01:47:30.790577,1033
2024-08-02 01:47:35.825542,1034
2024-08-02 01:47:41.699668,1035
2024-08-02 01:47:47.573794,1038
2024-08-02 01:47:52.608759,1039
2024-08-02 01:47:58.482885,1042
2024-08-02 01:48:03.517850,1043
2024-08-02 01:48:09.391976,1044
2024-08-02 01:48:15.266102,1047
2024-08-02 01:48:20.301067,1048
2024-08-02 01:48:26.175193,1051
2024-08-02 01:48:31.210158,1052
2024-08-02 01:48:37.084284,1053
2024-08-02 01:48:42.958410,1056
2024-08-02 01:48:47.993375,1057
2024-08-02 01:48:53.867501,1060
2024-08-02 01:48:58.902466,1061
2024-08-02 01:49:04.776591,1062
2024-08-02 01:49:10.650717,1065
2024-08-02 01:49:15.685682,1066
2024-08-02 01:49:21.559808,1069
2024-08-02 01:49:26.594773,1070
2024-08-02 01:49:32.468899,1071
2024-08-02 01:49:38.343025,1074
2024-08-02 01:49:43.377990,1075
2024-08-02 01:49:49.252116,1078
2024-08-02 01:49:54.287081,1079
2024-08-02 01:50:00.161207,1080
2024-08-02 01:50:06.035333,1083
2024-08-02 01:50:11.070298,1084
2024-08-02 01:50:16.944424,1087
2024-08-02 01:50:21.979389,1088
2024-08-02 01:50:27.853514,1089
2024-08-02 01:50:33.727640,1092
2024-08-02 01:50:38.762605,1093
2024-08-02 01:50:44.636731,1096
2024-08-02 01:50:49.671696,1097
2024-08-02 01:50:55.545822,1098
2024-08-02 01:51:01.419948,1101
2024-08-02 01:51:06.454913,1102
2024-08-02 01:51:12.329039,1105
2024-08-02 01:51:17.364004,1106
2024-08-02 01:51:23.238130,1107
2024-08-02 01:51:29.112256,1110
2024-08-02 01:51:34.147221,1111
2024-08-02 01:51:40.021347,1114
2024-08-02 01:51:45.056312,1115
2024-08-02 01:51:50.930438,1116
2024-08-02 01:51:56.804563,1119
2024-08-02 01:52:01.839528,1120
2024-08-02 01:52:07.713654,1123
2024-08-02 01:52:12.748619,1124
2024-08-02 01:52:18.622745,1125
2024-08-02 01:52:24.496871,1128
2024-08-02 01:52:29.531836,1129
2024-08-02 01:52:35.405962,1132
2024-08-02 01:52:40.440927,1133
2024-08-02 01:52:46.315053,1134
2024-08-02 01:52:52.189179,1137
2024-08-02 01:52:57.224144,1138
2024-08-02 01:53:03.098270,1141
2024-08-02 01:53:08.133235,1142
2024-08-02 01:53:14.007361,1143
2024-08-02 01:53:19.881487,1146
2024-08-02 01:53:24.916452,1147
2024-08-02 01:53:30.790577,1150
2024-08-02 01:53:35.825542,1151
2024-08-02 01:53:41.699668,1152
2024-08-02 01:53:47.573794,1155
2024-08-02 01:53:52.608759,1156
2024-08-02 01:53:58.482885,1159
2024-08-02 01:54:03.517850,1160
2024-08-02 01:54:09.391976,1161
2024-08-02 01:54:15.266102,1164
2024-08-02 01:54:20.301067,1165
2024-08-02 01:54:26.175193,1168
2024-08-02 01:54:31.210158,1169
2024-08-02 01:54:37.084284,1170
2024-08-02 01:54:42.958410,1173
2024-08-02 01:54:47.993375,1174
2024-08-02 01:54:53.867501,1177
2024-08-02 01:54:58.902466,1178
2024-08-02 01:55:04.776591,1179
2024-08-02 01:55:10.650717,1182
2024-08-02 01:55:15.685682,1183
2024-08-02 01:55:21.559808,1186
2024-08-02 01:55:26.594773,1187
2024-08-02 01:55:32.468899,1188
2024-08-02 01:55:38.343025,1191
2024-08-02 01:55:43.377990,1192
2024-08-02 01:55:49.252116,1195
2024-08-02 01:55:54.287081,1196
2024-08-02 01:56:00.161207,1197
2024-08-02 01:56:06.035333,1200
2024-08-02 01:56:11.070298,1201
2024-08-02 01:56:16.944424,1204
2024-08-02 01:56:21.979389,1205
2024-08-02 01:56:27.853514,1206
2024-08-02 01:56:33.727640,1209
2024-08-02 01:56:38.762605,1210
2024-08-02 01:56:44.636731,1213
2024-08-02 01:56:49.671696,1214
2024-08-02 01:56:55.545822,1215
2024-08-02 01:57:01.419948,1218
2024-08-02 01:57:06.454913,1219
2024-08-02 01:57:12.329039,1222
2024-08-02 01:57:17.364004,1223
2024-08-02 01:57:23.238130,1224
2024-08-02 01:57:29.112256,1227
2024-08-02 01:57:34.147221,1228
2024-08-02 01:57:40.021347,1231
2024-08-02 01:57:45.056312,1232
2024-08-02 01:57:50.930438,1233
2024-08-02 01:57:56.804563,1236
2024-08-02 01:58:01.839528,1237
2024-08-02 01:58:07.713654,1240
2024-08-02 01:58:12.748619,1241
2024-08-02 01:58:18.622745,1242
2024-08-02 01:58:24.496871,1245
2024-08-02 01:58:29.531836,1246
2024-08-02 01:58:35.405962,1249
2024-08-02 01:58:40.440927,1250
2024-08-02 01:58:46.315053,1251
2024-08-02 01:58:52.189179,1254
2024-08-02 01:58:57.224144,1255
2024-08-02 01:59:03.098270,1258
2024-08-02 01:59:08.133235,1259
2024-08-02 01:59:14.007361,1260
2024-08-02 01:59:19.881487,1263
2024-08-02 01:59:24.916452,1264
2024-08-02 01:59:30.790577,1267
2024-08-02 01:59:35.825542,1268
2024-08-02 01:59:41.699668,1269
2024-08-02 01:59:47.573794,1272
2024-08-02 01:59:52.608759,1273
2024-08-02 01:59:58.482885,1276
2024-08-02 02:00:03.517850,1277
2024-08-02 02:00:09.391976,1278
2024-08-02 02:00:15.266102,1281
2024-08-02 02:00:20.301067,1282
2024-08-02 02:00:26.175193,1285
2024-08-02 02:00:31.210158,1286
2024-08-02 02:00:37.084284,1287
2024-08-02 02:00:42.958410,1290
2024-08-02 02:00:47.993375,1291
2024-08-02 02:00:53.867501,1294
2024-08-02 02:00:58.902466,1295
2024-08-02 02:01:04.776591,1296
2024-08-02 02:01:10.650717,1299
2024-08-02 02:01:15.685682,1300
2024-08-02 02:01:21.559808,1303
2024-08-02 02:01:26.594773,1304
2024-08-02 02:01:32.468899,1305
2024-08-02 02:01:38.343025,1308
2024-08-02 02:01:43.377990,1309
2024-08-02 02:01:49.252116,1312
2024-08-02 02:01:54.287081,1313
2024-08-02 02:02:00.161207,1314
2024-08-02 02:02:06.035333,1317
2024-08-02 02:02:11.070298,1318
2024-08-02 02:02:16.944424,1321
2024-08-02 02:02:21.979389,1322
2024-08-02 02:02:27.853514,1323
2024-08-02 02:02:33.727640,1326
2024-08-02 02:02:38.762605,1327
2024-08-02 02:02:44.636731,1330
2024-08-02 02:02:49.671696,1331
2024-08-02 02:02:55.545822,1332
2024-08-02 02:03:01.419948,1335
2024-08-02 02:03:06.454913,1336
2024-08-02 02:03:12.329039,1339
2024-08-02 02:03:17.364004,1340
2024-08-02 02:03:23.238130,1341
2024-08-02 02:03:29.112256,1344
2024-08-02 02:03:34.147221,1345
2024-08-02 02:03:40.021347,1348
2024-08-02 02:03:45.056312,1349
2024-08-02 02:03:50.930438,1350
2024-08-02 02:03:56.804563,1353
2024-08-02 02:04:01.839528,1354
2024-08-02 02:04:07.713654,1357
2024-08-02 02:04:12.748619,1358
2024-08-02 02:04:18.622745,1359
2024-08-02 02:04:24.496871,1362
2024-08-02 02:04:29.531836,1363
2024-08-02 02:04:35.405962,1366
2024-08-02 02:04:40.440927,1367
2024-08-02 02:04:46.315053,1368
2024-08-02 02:04:52.189179,1371
2024-08-02 02:04:57.224144,1372
2024-08-02 02:05:03.098270,1375
2024-08-02 02:05:08.133235,1376
2024-08-02 02:05:14.007361,1377
2024-08-02 02:05:19.881487,1380
2024-08-02 02:05:24.916452,1381
2024-08-02 02:05:30.790577,1384
2024-08-02 02:05:35.825542,1385
2024-08-02 02:05:41.699668,1386
2024-08-02 02:05:47.573794,1389
2024-08-02 02:05:52.608759,1390
2024-08-02 02:05:58.482885,1393
2024-08-02 02:06:03.517850,1394
2024-08-02 02:06:09.391976,1395
2024-08-02 02:06:15.266102,1398
2024-08-02 02:06:20.301067,1399
2024-08-02 02:06:26.175193,1402
2024-08-02 02:06:31.210158,1403
2024-08-02 02:06:37.084284,1404
2024-08-02 02:06:42.958410,1407
2024-08-02 02:06:47.993375,1408
2024-08-02 02:06:53.867501,1411
2024-08-02 02:06:58.902466,1412
2024-08-02 02:07:04.776591,1413
2024-08-02 02:07:10.650717,1416
2024-08-02 02:07:15.685682,1417
2024-08-02 02:07:21.559808,1420
2024-08-02 02:07:26.594773,1421
2024-08-02 02:07:32.468899,1422
2024-08-02 02:07:38.343025,1425
2024-08-02 02:07:43.377990,1426
2024-08-02 02:07:49.252116,1429
2024-08-02 02:07:54.287081,1430
2024-08-02 02:08:00.161207,1431
2024-08-02 02:08:06.035333,1434
2024-08-02 02:08:11.070298,1435
2024-08-02 02:08:16.944424,1438
2024-08-02 02:08:21.979389,1439
2024-08-02 02:08:27.853514,1440
2024-08-02 02:08:33.727640,1443
2024-08-02 02:08:38.762605,1444
2024-08-02 02:08:44.636731,1447
2024-08-02 02:08:49.671696,1448
2024-08-02 02:08:55.545822,1449
2024-08-02 02:09:01.419948,1452
2024-08-02 02:09:06.454913,1453
2024-08-02 02:09:12.329039,1456
2024-08-02 02:09:17.364004,1457
2024-08-02 02:09:23.238130,1458
2024-08-02 02:09:29.112256,1461
2024-08-02 02:09:34.147221,1462
2024-08-02 02:09:40.021347,1465
2024-08-02 02:09:45.056312,1466
2024-08-02 02:09:50.930438,1467
2024-08-02 02:09:56.804563,1470
2024-08-02 02:10:01.839528,1471
2024-08-02 02:10:07.713654,1474
2024-08-02 02:10:12.748619,1475
2024-08-02 02:10:18.622745,1476
2024-08-02 02:10:24.496871,1479
2024-08-02 02:10:29.531836,1480
2024-08-02 02:10:35.405962,1483
2024-08-02 02:10:40.440927,1484
2024-08-02 02:10:46.315053,1485
2024-08-02 02:10:52.189179,1488
2024-08-02 02:10:57.224144,1489
2024-08-02 02:11:03.098270,1492
2024-08-02 02:11:08.133235,1493
2024-08-02 02:11:14.007361,1494
2024-08-02 02:11:19.881487,1497
2024-08-02 02:11:24.916452,1498
2024-08-02 02:11:30.790577,1501
2024-08-02 02:11:35.825542,1502
2024-08-02 02:11:41.699668,1503
2024-08-02 02:11:47.573794,1506
2024-08-02 02:11:52.608759,1507
2024-08-02 02:11:58.482885,1510
2024-08-02 02:12:03.517850,1511
2024-08-02 02:12:09.391976,1512
2024-08-02 02:12:15.266102,1515
2024-08-02 02:12:20.301067,1516
2024-08-02 02:12:26.175193,1519
2024-08-02 02:12:31.210158,1520
2024-08-02 02:12:37.084284,1521
2024-08-02 02:12:42.958410,1524
2024-08-02 02:12:47.993375,1525
2024-08-02 02:12:53.867501,1528
2024-08-02 02:12:58.902466,1529
2024-08-02 02:13:04.776591,1530
2024-08-02 02:13:10.650717,1533
2024-08-02 02:13:15.685682,1534
2024-08-02 02:13:21.559808,1537
2024-08-02 02:13:26.594773,1538
2024-08-02 02:13:32.468899,1539
2024-08-02 02:13:38.343025,1542
2024-08-02 02:13:43.377990,1543
2024-08-02 02:13:49.252116,1546
2024-08-02 02:13:54.287081,1547
2024-08-02 02:14:00.161207,1548
2024-08-02 02:14:06.035333,1551
2024-08-02 02:14:11.070298,1552
2024-08-02 02:14:16.944424,1555
2024-08-02 02:14:21.979389,1556
2024-08-02 02:14:27.853514,1557
2024-08-02 02:14:33.727640,1560
2024-08-02 02:14:38.762605,1561
2024-08-02 02:14:44.636731,1564
2024-08-02 02:14:49.671696,1565
2024-08-02 02:14:55.545822,1566
2024-08-02 02:15:01.419948,1569
2024-08-02 02:15:06.454913,1570
2024-08-02 02:15:12.329039,1573
2024-08-02 02:15:17.364004,1574
2024-08-02 02:15:23.238130,1575
2024-08-02 02:15:29.112256,1578
2024-08-02 02:15:34.147221,1579
2024-08-02 02:15:40.021347,1582
2024-08-02 02:15:45.056312,1583
2024-08-02 02:15:50.930438,1584
2024-08-02 02:15:56.804563,1587
2024-08-02 02:16:01.839528,1588
2024-08-02 02:16:07.713654,1591
2024-08-02 02:16:12.748619,1592
2024-08-02 02:16:18.622745,1593
2024-08-02 02:16:24.496871,1596
2024-08-02 02:16:29.531836,1597
2024-08-02 02:16:35.405962,1600
2024-08-02 02:16:40.440927,1601
2024-08-02 02:16:46.315053,1602
2024-08-02 02:16:52.189179,1605
2024-08-02 02:16:57.224144,1606
2024-08-02 02:17:03.098270,1609
2024-08-02 02:17:08.133235,1610
2024-08-02 02:17:14.007361,1611
2024-08-02 02:17:19.881487,1614
2024-08-02 02:17:24.916452,1615
2024-08-02 02:17:30.790577,1618
2024-08-02 02:17:35.825542,1619
2024-08-02 02:17:41.699668,1620
2024-08-02 02:17:47.573794,1623
2024-08-02 02:17:52.608759,1624
2024-08-02 02:17:58.482885,1627
2024-08-02 02:18:03.517850,1628
2024-08-02 02:18:09.391976,1629
2024-08-02 02:18:15.266102,1632
2024-08-02 02:18:20.301067,1633
2024-08-02 02:18:26.175193,1636
2024-08-02 02:18:31.210158,1637
2024-08-02 02:18:37.084284,1638
2024-08-02 02:18:42.958410,1641
2024-08-02 02:18:47.993375,1642
2024-08-02 02:18:53.867501,1645
2024-08-02 02:18:58.902466,1646
2024-08-02 02:19:04.776591,1647
2024-08-02 02:19:10.650717,1650
2024-08-02 02:19:15.685682,1651
2024-08-02 02:19:21.559808,1654
2024-08-02 02:19:26.594773,1655
2024-08-02 02:19:32.468899,1656
2024-08-02 02:19:38.343025,1659
2024-08-02 02:19:43.377990,1660
2024-08-02 02:19:49.252116,1663
2024-08-02 02:19:54.287081,1664
2024-08-02 02:20:00.161207,1665
2024-08-02 02:20:06.035333,1668
2024-08-02 02:20:11.070298,1669
2024-08-02 02:20:16.944424,1672
2024-08-02 02:20:21.979389,1673
2024-08-02 02:20:27.853514,1674
2024-08-02 02:20:33.727640,1677
2024-08-02 02:20:38.762605,1678
2024-08-02 02:20:44.636731,1681
2024-08-02 02:20:49.671696,1682
2024-08-02 02:20:55.545822,1683
2024-08-02 02:21:01.419948,1686
2024-08-02 02:21:06.454913,1687
2024-08-02 02:21:12.329039,1690
2024-08-02 02:21:17.364004,1691
2024-08-02 02:21:23.238130,1692
2024-08-02 02:21:29.112256,1695
2024-08-02 02:21:34.147221,1696
2024-08-02 02:21:40.021347,1699
2024-08-02 02:21:45.056312,1700
2024-08-02 02:21:50.930438,1701
2024-08-02 02:21:56.804563,1704
2024-08-02 02:22:01.839528,1705
2024-08-02 02:22:07.713654,1708
2024-08-02 02:22:12.748619,1709
2024-08-02 02:22:18.622745,1710
2024-08-02 02:22:24.496871,1713
2024-08-02 02:22:29.531836,1714
2024-08-02 02:22:35.405962,1717
2024-08-02 02:22:40.440927,1718
2024-08-02 02:22:46.315053,1719
2024-08-02 02:22:52.189179,1722
2024-08-02 02:22:57.224144,1723
2024-08-02 02:23:03.098270,1726
2024-08-02 02:23:08.133235,1727
2024-08-02 02:23:14.007361,1728
2024-08-02 02:23:19.881487,1731
2024-08-02 02:23:24.916452,1732
2024-08-02 02:23:30.790577,1735
2024-08-02 02:23:35.825542,1736
2024-08-02 02:23:41.699668,1737
2024-08-02 02:23:47.573794,1740
2024-08-02 02:23:52.608759,1741
2024-08-02 02:23:58.482885,1744
2024-08-02 02:24:03.517850,1745
2024-08-02 02:24:09.391976,1746
2024-08-02 02:24:15.266102,1749
2024-08-02 02:24:20.301067,1750
2024-08-02 02:24:26.175193,1753
2024-08-02 02:24:31.210158,1754
2024-08-02 02:24:37.084284,1755
2024-08-02 02:24:42.958410,1758
2024-08-02 02:24:47.993375,1759
2024-08-02 02:24:53.867501,1762
2024-08-02 02:24:58.902466,1763
2024-08-02 02:25:04.776591,1764
2024-08-02 02:25:10.650717,1767
2024-08-02 02:25:15.685682,1768
2024-08-02 02:25:21.559808,1771
2024-08-02 02:25:26.594773,1772
2024-08-02 02:25:32.468899,1773
2024-08-02 02:25:38.343025,1776
2024-08-02 02:25:43.377990,1777
2024-08-02 02:25:49.252116,1780
2024-08-02 02:25:54.287081,1781
2024-08-02 02:26:00.161207,1782
2024-08-02 02:26:06.035333,1785
2024-08-02 02:26:11.070298,1786
2024-08-02 02:26:16.944424,1789
2024-08-02 02:26:21.979389,1790
2024-08-02 02:26:27.853514,1791
2024-08-02 02:26:33.727640,1794
2024-08-02 02:26:38.762605,1795
2024-08-02 02:26:44.636731,1798
2024-08-02 02:26:49.671696,1799
2024-08-02 02:26:55.545822,1800
2024-08-02 02:27:01.419948,1803
2024-08-02 02:27:06.454913,1804
2024-08-02 02:27:12.329039,1807
2024-08-02 02:27:17.364004,1808
2024-08-02 02:27:23.238130,1809
2024-08-02 02:27:29.112256,1812
2024-08-02 02:27:34.147221,1813
2024-08-02 02:27:40.021347,1816
2024-08-02 02:27:45.056312,1817
2024-08-02 02:27:50.930438,1818
2024-08-02 02:27:56.804563,1821
2024-08-02 02:28:01.839528,1822
2024-08-02 02:28:07.713654,1825
2024-08-02 02:28:12.748619,1826
2024-08-02 02:28:18.622745,1827
2024-08-02 02:28:24.496871,1830
2024-08-02 02:28:29.531836,1831
2024-08-02 02:28:35.405962,1834
2024-08-02 02:28:40.440927,1835
2024-08-02 02:28:46.315053,1836
2024-08-02 02:28:52.189179,1839
2024-08-02 02:28:57.224144,1840
2024-08-02 02:29:03.098270,1843
2024-08-02 02:29:08.133235,1844
2024-08-02 02:29:14.007361,1845
2024-08-02 02:29:19.881487,1848
2024-08-02 02:29:24.916452,1849
2024-08-02 02:29:30.790577,1852
2024-08-02 02:29:35.825542,1853
2024-08-02 02:29:41.699668,1854
2024-08-02 02:29:47.573794,1857
2024-08-02 02:29:52.608759,1858
2024-08-02 02:29:58.482885,1861
2024-08-02 02:30:03.517850,1862
2024-08-02 02:30:09.391976,1863
2024-08-02 02:30:15.266102,1866
2024-08-02 02:30:20.301067,1867
2024-08-02 02:30:26.175193,1870
2024-08-02 02:30:31.210158,1871
2024-08-02 02:30:37.084284,1872
2024-08-02 02:30:42.958410,1875
2024-08-02 02:30:47.993375,1876
2024-08-02 02:30:53.867501,1879
2024-08-02 02:30:58.902466,1880
2024-08-02 02:31:04.776591,1881
2024-08-02 02:31:10.650717,1884
2024-08-02 02:31:15.685682,1885
2024-08-02 02:31:21.559808,1888
2024-08-02 02:31:26.594773,1889
2024-08-02 02:31:32.468899,1890
2024-08-02 02:31:38.343025,1893
2024-08-02 02:31:43.377990,1894
2024-08-02 02:31:49.252116,1897
2024-08-02 02:31:54.287081,1898
2024-08-02 02:32:00.161207,1899
2024-08-02 02:32:06.035333,1902
2024-08-02 02:32:11.070298,1903
2024-08-02 02:32:16.944424,1906
2024-08-02 02:32:21.979389,1907
2024-08-02 02:32:27.853514,1908
2024-08-02 02:32:33.727640,1911
2024-08-02 02:32:38.762605,1912
2024-08-02 02:32:44.636731,1915
2024-08-02 02:32:49.671696,1916
2024-08-02 02:32:55.545822,1917
2024-08-02 02:33:01.419948,1920
2024-08-02 02:33:06.454913,1921
2024-08-02 02:33:12.329039,1924
2024-08-02 02:33:17.364004,1925
2024-08-02 02:33:23.238130,1926
2024-08-02 02:33:29.112256,1929
2024-08-02 02:33:34.147221,1930
2024-08-02 02:33:40.021347,1933
2024-08-02 02:33:45.056312,1934
2024-08-02 02:33:50.930438,1935
2024-08-02 02:33:56.804563,1938
2024-08-02 02:34:01.839528,1939
2024-08-02 02:34:07.713654,1942
2024-08-02 02:34:12.748619,1943
2024-08-02 02:34:18.622745,1944
2024-08-02 02:34:24.496871,1947
2024-08-02 02:34:29.531836,1948
2024-08-02 02:34:35.405962,1951
2024-08-02 02:34:40.440927,1952
2024-08-02 02:34:46.315053,1953
2024-08-02 02:34:52.189179,1956
2024-08-02 02:34:57.224144,1957
2024-08-02 02:35:03.098270,1960
2024-08-02 02:35:08.133235,1961
2024-08-02 02:35:14.007361,1962
2024-08-02 02:35:19.881487,1965
2024-08-02 02:35:24.916452,1966
2024-08-02 02:35:30.790577,1969
2024-08-02 02:35:35.825542,1970
2024-08-02 02:35:41.699668,1971
2024-08-02 02:35:47.573794,1974
2024-08-02 02:35:52.608759,1975
2024-08-02 02:35:58.482885,1978
2024-08-02 02:36:03.517850,1979
2024-08-02 02:36:09.391976,1980
2024-08-02 02:36:15.266102,1983
2024-08-02 02:36:20.301067,1984
2024-08-02 02:36:26.175193,1987
2024-08-02 02:36:31.210158,1988
2024-08-02 02:36:37.084284,1989
2024-08-02 02:36:42.958410,1992
2024-08-02 02:36:47.993375,1993
2024-08-02 02:36:53.867501,1996
2024-08-02 02:36:58.902466,1997
2024-08-02 02:37:04.776591,1998
2024-08-02 02:37:10.650717,2001
2024-08-02 02:37:15.685682,2002
2024-08-02 02:37:21.559808,2005
2024-08-02 02:37:26.594773,2006
2024-08-02 02:37:32.468899,2007
2024-08-02 02:37:38.343025,2010
2024-08-02 02:37:43.377990,2011
2024-08-02 02:37:49.252116,2014
2024-08-02 02:37:54.287081,2015
2024-08-02 02:38:00.161207,2016
2024-08-02 02:38:06.035333,2019
2024-08-02 02:38:11.070298,2020
2024-08-02 02:38:16.944424,2023
2024-08-02 02:38:21.979389,2024
2024-08-02 02:38:27.853514,2025
2024-08-02 02:38:33.727640,2028
2024-08-02 02:38:38.762605,2029
2024-08-02 02:38:44.636731,2032
2024-08-02 02:38:49.671696,2033
2024-08-02 02:38:55.545822,2034
2024-08-02 02:39:01.419948,2037
2024-08-02 02:39:06.454913,2038
2024-08-02 02:39:12.329039,2041
2024-08-02 02:39:17.364004,2042
2024-08-02 02:39:23.238130,2043
2024-08-02 02:39:29.112256,2046
2024-08-02 02:39:34.147221,2047
2024-08-02 02:39:40.021347,2050
2024-08-02 02:39:45.056312,2051
2024-08-02 02:39:50.930438,2052
2024-08-02 02:39:56.804563,2055
2024-08-02 02:40:01.839528,2056
2024-08-02 02:40:07.713654,2059
2024-08-02 02:40:12.748619,2060
2024-08-02 02:40:18.622745,2061
2024-08-02 02:40:24.496871,2064
2024-08-02 02:40:29.531836,2065
2024-08-02 02:40:35.405962,2068
2024-08-02 02:40:40.440927,2069
2024-08-02 02:40:46.315053,2070
2024-08-02 02:40:52.189179,2073
2024-08-02 02:40:57.224144,2074
2024-08-02 02:41:03.098270,2077
2024-08-02 02:41:08.133235,2078
2024-08-02 02:41:14.007361,2079
2024-08-02 02:41:19.881487,2082
2024-08-02 02:41:24.916452,2083
2024-08-02 02:41:30.790577,2086
2024-08-02 02:41:35.825542,2087
2024-08-02 02:41:41.699668,2088
2024-08-02 02:41:47.573794,2091
2024-08-02 02:41:52.608759,2092
2024-08-02 02:41:58.482885,2095
2024-08-02 02:42:03.517850,2096
2024-08-02 02:42:09.391976,2097
2024-08-02 02:42:15.266102,2100
2024-08-02 02:42:20.301067,2101
2024-08-02 02:42:26.175193,2104
2024-08-02 02:42:31.210158,2105
2024-08-02 02:42:37.084284,2106
2024-08-02 02:42:42.958410,2109
2024-08-02 02:42:47.993375,2110
2024-08-02 02:42:53.867501,2113
2024-08-02 02:42:58.902466,2114
2024-08-02 02:43:04.776591,2115
2024-08-02 02:43:10.650717,2118
2024-08-02 02:43:15.685682,2119
2024-08-02 02:43:21.559808,2122
2024-08-02 02:43:26.594773,2123
2024-08-02 02:43:32.468899,2124
2024-08-02 02:43:38.343025,2127
2024-08-02 02:43:43.377990,2128
2024-08-02 02:43:49.252116,2131
2024-08-02 02:43:54.287081,2132
2024-08-02 02:44:00.161207,2133
2024-08-02 02:44:06.035333,2136
2024-08-02 02:44:11.070298,2137
2024-08-02 02:44:16.944424,2140
2024-08-02 02:44:21.979389,2141
2024-08-02 02:44:27.853514,2142
2024-08-02 02:44:33.727640,2145
2024-08-02 02:44:38.762605,2146
2024-08-02 02:44:44.636731,2149
2024-08-02 02:44:49.671696,2150
2024-08-02 02:44:55.545822,2151
2024-08-02 02:45:01.419948,2154
2024-08-02 02:45:06.454913,2155
2024-08-02 02:45:12.329039,2158
2024-08-02 02:45:17.364004,2159
2024-08-02 02:45:23.238130,2160
2024-08-02 02:45:29.112256,2163
2024-08-02 02:45:34.147221,2164
2024-08-02 02:45:40.021347,2167
2024-08-02 02:45:45.056312,2168
2024-08-02 02:45:50.930438,2169
2024-08-02 02:45:56.804563,2172
2024-08-02 02:46:01.839528,2173
2024-08-02 02:46:07.713654,2176
2024-08-02 02:46:12.748619,2177
2024-08-02 02:46:18.622745,2178
2024-08-02 02:46:24.496871,2181
2024-08-02 02:46:29.531836,2182
2024-08-02 02:46:35.405962,2185
2024-08-02 02:46:40.440927,2186
2024-08-02 02:46:46.315053,2187
2024-08-02 02:46:52.189179,2190
2024-08-02 02:46:57.224144,2191
2024-08-02 02:47:03.098270,2194
2024-08-02 02:47:08.133235,2195
2024-08-02 02:47:14.007361,2196
2024-08-02 02:47:19.881487,2199
2024-08-02 02:47:24.916452,2200
2024-08-02 02:47:30.790577,2203
2024-08-02 02:47:35.825542,2204
2024-08-02 02:47:41.699668,2205
2024-08-02 02:47:47.573794,2208
2024-08-02 02:47:52.608759,2209
2024-08-02 02:47:58.482885,2212
2024-08-02 02:48:03.517850,2213
2024-08-02 02:48:09.391976,2214
2024-08-02 02:48:15.266102,2217
2024-08-02 02:48:20.301067,2218
2024-08-02 02:48:26.175193,2221
2024-08-02 02:48:31.210158,2222
2024-08-02 02:48:37.084284,2223
2024-08-02 02:48:42.958410,2226
2024-08-02 02:48:47.993375,2227
2024-08-02 02:48:53.867501,2230
2024-08-02 02:48:58.902466,2231
2024-08-02 02:49:04.776591,2232
2024-08-02 02:49:10.650717,2235
2024-08-02 02:49:15.685682,2236
2024-08-02 02:49:21.559808,2239
2024-08-02 02:49:26.594773,2240
2024-08-02 02:49:32.468899,2241
2024-08-02 02:49:38.343025,2244
2024-08-02 02:49:43.377990,2245
2024-08-02 02:49:49.252116,2248
2024-08-02 02:49:54.287081,2249
2024-08-02 02:50:00.161207,2250
2024-08-02 02:50:06.035333,2253
2024-08-02 02:50:11.070298,2254
2024-08-02 02:50:16.944424,2257
2024-08-02 02:50:21.979389,2258
2024-08-02 02:50:27.853514,2259
2024-08-02 02:50:33.727640,2262
2024-08-02 02:50:38.762605,2263
2024-08-02 02:50:44.636731,2266
2024-08-02 02:50:49.671696,2267
2024-08-02 02:50:55.545822,2268
2024-08-02 02:51:01.419948,2271
2024-08-02 02:51:06.454913,2272
2024-08-02 02:51:12.329039,2275
2024-08-02 02:51:17.364004,2276
2024-08-02 02:51:23.238130,2277
2024-08-02 02:51:29.112256,2280
2024-08-02 02:51:34.147221,2281
2024-08-02 02:51:40.021347,2284
2024-08-02 02:51:45.056312,2285
2024-08-02 02:51:50.930438,2286
2024-08-02 02:51:56.804563,2289
2024-08-02 02:52:01.839528,2290
2024-08-02 02:52:07.713654,2293
2024-08-02 02:52:12.748619,2294
2024-08-02 02:52:18.622745,2295
2024-08-02 02:52:24.496871,2298
2024-08-02 02:52:29.531836,2299
2024-08-02 02:52:35.405962,2302
2024-08-02 02:52:40.440927,2303
2024-08-02 02:52:46.315053,2304
2024-08-02 02:52:52.189179,2307
2024-08-02 02:52:57.224144,2308
2024-08-02 02:53:03.098270,2311
2024-08-02 02:53:08.133235,2312
2024-08-02 02:53:14.007361,2313
2024-08-02 02:53:19.881487,2316
2024-08-02 02:53:24.916452,2317
2024-08-02 02:53:30.790577,2320
2024-08-02 02:53:35.825542,2321
2024-08-02 02:53:41.699668,2322
2024-08-02 02:53:47.573794,2325
2024-08-02 02:53:52.608759,2326
2024-08-02 02:53:58.482885,2329
2024-08-02 02:54:03.517850,2330
2024-08-02 02:54:09.391976,2331
2024-08-02 02:54:15.266102,2334
2024-08-02 02:54:20.301067,2335
2024-08-02 02:54:26.175193,2338
2024-08-02 02:54:31.210158,2339
2024-08-02 02:54:37.084284,2340
2024-08-02 02:54:42.958410,2343
2024-08-02 02:54:47.993375,2344
2024-08-02 02:54:53.867501,2347
2024-08-02 02:54:58.902466,2348
2024-08-02 02:55:04.776591,2349
2024-08-02 02:55:10.650717,2352
2024-08-02 02:55:15.685682,2353
2024-08-02 02:55:21.559808,2356
2024-08-02 02:55:26.594773,2357
2024-08-02 02:55:32.468899,2358
2024-08-02 02:55:38.343025,2361
2024-08-02 02:55:43.377990,2362
2024-08-02 02:55:49.252116,2365
2024-08-02 02:55:54.287081,2366
2024-08-02 02:56:00.161207,2367
2024-08-02 02:56:06.035333,2370
2024-08-02 02:56:11.070298,2371
2024-08-02 02:56:16.944424,2374
2024-08-02 02:56:21.979389,2375
2024-08-02 02:56:27.853514,2376
2024-08-02 02:56:33.727640,2379
2024-08-02 02:56:38.762605,2380
2024-08-02 02:56:44.636731,2383
2024-08-02 02:56:49.671696,2384
2024-08-02 02:56:55.545822,2385
2024-08-02 02:57:01.419948,2388
2024-08-02 02:57:06.454913,2389
2024-08-02 02:57:12.329039,2392
2024-08-02 02:57:17.364004,2393
2024-08-02 02:57:23.238130,2394
2024-08-02 02:57:29.112256,2397
2024-08-02 02:57:34.147221,2398
2024-08-02 02:57:40.021347,2401
2024-08-02 02:57:45.056312,2402
2024-08-02 02:57:50.930438,2403
2024-08-02 02:57:56.804563,2406
2024-08-02 02:58:01.839528,2407
2024-08-02 02:58:07.713654,2410
2024-08-02 02:58:12.748619,2411
2024-08-02 02:58:18.622745,2412
2024-08-02 02:58:24.496871,2415
2024-08-02 02:58:29.531836,2416
2024-08-02 02:58:35.405962,2419
2024-08-02 02:58:40.440927,2420
2024-08-02 02:58:46.315053,2421
2024-08-02 02:58:52.189179,2424
2024-08-02 02:58:57.224144,2425
2024-08-02 02:59:03.098270,2428
2024-08-02 02:59:08.133235,2429
2024-08-02 02:59:14.007361,2430
2024-08-02 02:59:19.881487,2433
2024-08-02 02:59:24.916452,2434
2024-08-02 02:59:30.790577,2437
2024-08-02 02:59:35.825542,2438
2024-08-02 02:59:41.699668,2439
2024-08-02 02:59:47.573794,2442
2024-08-02 02:59:52.608759,2443
2024-08-02 02:59:58.482885,2446
2024-08-02 03:00:03.517850,2447
2024-08-02 03:00:09.391976,2448
2024-08-02 03:00:15.266102,2451
2024-08-02 03:00:20.301067,2452
2024-08-02 03:00:26.175193,2455
2024-08-02 03:00:31.210158,2456
2024-08-02 03:00:37.084284,2457
2024-08-02 03:00:42.958410,2460
2024-08-02 03:00:47.993375,2461
2024-08-02 03:00:53.867501,2464
2024-08-02 03:00:58.902466,2465
2024-08-02 03:01:04.776591,2466
2024-08-02 03:01:10.650717,2469
2024-08-02 03:01:15.685682,2470
2024-08-02 03:01:21.559808,2473
2024-08-02 03:01:26.594773,2474
2024-08-02 03:01:32.468899,2475
2024-08-02 03:01:38.343025,2478
2024-08-02 03:01:43.377990,2479
2024-08-02 03:01:49.252116,2482
2024-08-02 03:01:54.287081,2483
2024-08-02 03:02:00.161207,2484
2024-08-02 03:02:06.035333,2487
2024-08-02 03:02:11.070298,2488
2024-08-02 03:02:16.944424,2491
2024-08-02 03:02:21.979389,2492
2024-08-02 03:02:27.853514,2493
2024-08-02 03:02:33.727640,2496
2024-08-02 03:02:38.762605,2497
2024-08-02 03:02:44.636731,2500
2024-08-02 03:02:49.671696,2501
2024-08-02 03:02:55.545822,2502
2024-08-02 03:03:01.419948,2505
2024-08-02 03:03:06.454913,2506
2024-08-02 03:03:12.329039,2509
2024-08-02 03:03:17.364004,2510
2024-08-02 03:03:23.238130,2511
2024-08-02 03:03:29.112256,2514
2024-08-02 03:03:34.147221,2515
2024-08-02 03:03:40.021347,2518
2024-08-02 03:03:45.056312,2519
2024-08-02 03:03:50.930438,2520
2024-08-02 03:03:56.804563,2523
2024-08-02 03:04:01.839528,2524
2024-08-02 03:04:07.713654,2527
2024-08-02 03:04:12.748619,2528
2024-08-02 03:04:18.622745,2529
2024-08-02 03:04:24.496871,2532
2024-08-02 03:04:29.531836,2533
2024-08-02 03:04:35.405962,2536
2024-08-02 03:04:40.440927,2537
2024-08-02 03:04:46.315053,2538
2024-08-02 03:04:52.189179,2541
2024-08-02 03:04:57.224144,2542
2024-08-02 03:05:03.098270,2545
2024-08-02 03:05:08.133235,2546
2024-08-02 03:05:14.007361,2547
2024-08-02 03:05:19.881487,2550
2024-08-02 03:05:24.916452,2551
2024-08-02 03:05:30.790577,2554
2024-08-02 03:05:35.825542,2555
2024-08-02 03:05:41.699668,2556
2024-08-02 03:05:47.573794,2559
2024-08-02 03:05:52.608759,2560
2024-08-02 03:05:58.482885,2563
2024-08-02 03:06:03.517850,2564
2024-08-02 03:06:09.391976,2565
2024-08-02 03:06:15.266102,2568
2024-08-02 03:06:20.301067,2569
2024-08-02 03:06:26.175193,2572
2024-08-02 03:06:31.210158,2573
2024-08-02 03:06:37.084284,2574
2024-08-02 03:06:42.958410,2577
2024-08-02 03:06:47.993375,2578
2024-08-02 03:06:53.867501,2581
2024-08-02 03:06:58.902466,2582
2024-08-02 03:07:04.776591,2583
2024-08-02 03:07:10.650717,2586
2024-08-02 03:07:15.685682,2587
2024-08-02 03:07:21.559808,2590
2024-08-02 03:07:26.594773,2591
2024-08-02 03:07:32.468899,2592
2024-08-02 03:07:38.343025,2595
2024-08-02 03:07:43.377990,2596
2024-08-02 03:07:49.252116,2599
2024-08-02 03:07:54.287081,2600
2024-08-02 03:08:00.161207,2601
2024-08-02 03:08:06.035333,2604
2024-08-02 03:08:11.070298,2605
2024-08-02 03:08:16.944424,2608
2024-08-02 03:08:21.979389,2609
2024-08-02 03:08:27.853514,2610
2024-08-02 03:08:33.727640,2613
2024-08-02 03:08:38.762605,2614
2024-08-02 03:08:44.636731,2617
2024-08-02 03:08:49.671696,2618
2024-08-02 03:08:55.545822,2619
2024-08-02 03:09:01.419948,2622
2024-08-02 03:09:06.454913,2623
2024-08-02 03:09:12.329039,2626
2024-08-02 03:09:17.364004,2627
2024-08-02 03:09:23.238130,2628
2024-08-02 03:09:29.112256,2631
2024-08-02 03:09:34.147221,2632
2024-08-02 03:09:40.021347,2635
2024-08-02 03:09:45.056312,2636
2024-08-02 03:09:50.930438,2637
2024-08-02 03:09:56.804563,2640
2024-08-02 03:10:01.839528,2641
2024-08-02 03:10:07.713654,2644
2024-08-02 03:10:12.748619,2645
2024-08-02 03:10:18.622745,2646
2024-08-02 03:10:24.496871,2649
2024-08-02 03:10:29.531836,2650
2024-08-02 03:10:35.405962,2653
2024-08-02 03:10:40.440927,2654
2024-08-02 03:10:46.315053,2655
2024-08-02 03:10:52.189179,2658
2024-08-02 03:10:57.224144,2659
2024-08-02 03:11:03.098270,2662
2024-08-02 03:11:08.133235,2663
2024-08-02 03:11:14.007361,2664
2024-08-02 03:11:19.881487,2667
2024-08-02 03:11:24.916452,2668
2024-08-02 03:11:30.790577,2671
2024-08-02 03:11:35.825542,2672
2024-08-02 03:11:41.699668,2673
2024-08-02 03:11:47.573794,2676
2024-08-02 03:11:52.608759,2677
2024-08-02 03:11:58.482885,2680
2024-08-02 03:12:03.517850,2681
2024-08-02 03:12:09.391976,2682
2024-08-02 03:12:15.266102,2685
2024-08-02 03:12:20.301067,2686
2024-08-02 03:12:26.175193,2689
2024-08-02 03:12:31.210158,2690
2024-08-02 03:12:37.084284,2691
2024-08-02 03:12:42.958410,2694
2024-08-02 03:12:47.993375,2695
2024-08-02 03:12:53.867501,2698
2024-08-02 03:12:58.902466,2699
2024-08-02 03:13:04.776591,2700
2024-08-02 03:13:10.650717,2703
2024-08-02 03:13:15.685682,2704
2024-08-02 03:13:21.559808,2707
2024-08-02 03:13:26.594773,2708
2024-08-02 03:13:32.468899,2709
2024-08-02 03:13:38.343025,2712
2024-08-02 03:13:43.377990,2713
2024-08-02 03:13:49.252116,2716
2024-08-02 03:13:54.287081,2717
2024-08-02 03:14:00.161207,2718
2024-08-02 03:14:06.035333,2721
2024-08-02 03:14:11.070298,2722
2024-08-02 03:14:16.944424,2725
2024-08-02 03:14:21.979389,2726
2024-08-02 03:14:27.853514,2727
2024-08-02 03:14:33.727640,2730
2024-08-02 03:14:38.762605,2731
2024-08-02 03:14:44.636731,2734
2024-08-02 03:14:49.671696,2735
2024-08-02 03:14:55.545822,2736
2024-08-02 03:15:01.419948,2739
2024-08-02 03:15:06.454913,2740
2024-08-02 03:15:12.329039,2743
2024-08-02 03:15:17.364004,2744
2024-08-02 03:15:23.238130,2745
2024-08-02 03:15:29.112256,2748
2024-08-02 03:15:34.147221,2749
2024-08-02 03:15:40.021347,2752
2024-08-02 03:15:45.056312,2753
2024-08-02 03:15:50.930438,2754
2024-08-02 03:15:56.804563,2757
2024-08-02 03:16:01.839528,2758
2024-08-02 03:16:07.713654,2761
2024-08-02 03:16:12.748619,2762
2024-08-02 03:16:18.622745,2763
2024-08-02 03:16:24.496871,2766
2024-08-02 03:16:29.531836,2767
2024-08-02 03:16:35.405962,2770
2024-08-02 03:16:40.440927,2771
2024-08-02 03:16:46.315053,2772
2024-08-02 03:16:52.189179,2775
2024-08-02 03:16:57.224144,2776
2024-08-02 03:17:03.098270,2779
2024-08-02 03:17:08.133235,2780
2024-08-02 03:17:14.007361,2781
2024-08-02 03:17:19.881487,2784
2024-08-02 03:17:24.916452,2785
2024-08-02 03:17:30.790577,2788
2024-08-02 03:17:35.825542,2789
2024-08-02 03:17:41.699668,2790
2024-08-02 03:17:47.573794,2793
2024-08-02 03:17:52.608759,2794
2024-08-02 03:17:58.482885,2797
2024-08-02 03:18:03.517850,2798
2024-08-02 03:18:09.391976,2799
2024-08-02 03:18:15.266102,2802
2024-08-02 03:18:20.301067,2803
2024-08-02 03:18:26.175193,2806
2024-08-02 03:18:31.210158,2807
2024-08-02 03:18:37.084284,2808
2024-08-02 03:18:42.958410,2811
2024-08-02 03:18:47.993375,2812
2024-08-02 03:18:53.867501,2815
2024-08-02 03:18:58.902466,2816
2024-08-02 03:19:04.776591,2817
2024-08-02 03:19:10.650717,2820
2024-08-02 03:19:15.685682,2821
2024-08-02 03:19:21.559808,2824
2024-08-02 03:19:26.594773,2825
2024-08-02 03:19:32.468899,2826
2024-08-02 03:19:38.343025,2829
2024-08-02 03:19:43.377990,2830
2024-08-02 03:19:49.252116,2833
2024-08-02 03:19:54.287081,2834
2024-08-02 03:20:00.161207,2835
2024-08-02 03:20:06.035333,2838
2024-08-02 03:20:11.070298,2839
2024-08-02 03:20:16.944424,2842
2024-08-02 03:20:21.979389,2843
2024-08-02 03:20:27.853514,2844
2024-08-02 03:20:33.727640,2847
2024-08-02 03:20:38.762605,2848
2024-08-02 03:20:44.636731,2851
2024-08-02 03:20:49.671696,2852
2024-08-02 03:20:55.545822,2853
2024-08-02 03:21:01.419948,2856
2024-08-02 03:21:06.454913,2857
2024-08-02 03:21:12.329039,2860
2024-08-02 03:21:17.364004,2861
2024-08-02 03:21:23.238130,2862
2024-08-02 03:21:29.112256,2865
2024-08-02 03:21:34.147221,2866
2024-08-02 03:21:40.021347,2869
2024-08-02 03:21:45.056312,2870
2024-08-02 03:21:50.930438,2871
2024-08-02 03:21:56.804563,2874
2024-08-02 03:22:01.839528,2875
2024-08-02 03:22:07.713654,2878
2024-08-02 03:22:12.748619,2879
2024-08-02 03:22:18.622745,2880
2024-08-02 03:22:24.496871,2883
2024-08-02 03:22:29.531836,2884
2024-08-02 03:22:35.405962,2887
2024-08-02 03:22:40.440927,2888
2024-08-02 03:22:46.315053,2889
2024-08-02 03:22:52.189179,2892
2024-08-02 03:22:57.224144,2893
2024-08-02 03:23:03.098270,2896
2024-08-02 03:23:08.133235,2897
2024-08-02 03:23:14.007361,2898
2024-08-02 03:23:19.881487,2901
2024-08-02 03:23:24.916452,2902
2024-08-02 03:23:30.790577,2905
2024-08-02 03:23:35.825542,2906
2024-08-02 03:23:41.699668,2907
2024-08-02 03:23:47.573794,2910
2024-08-02 03:23:52.608759,2911
2024-08-02 03:23:58.482885,2914
2024-08-02 03:24:03.517850,2915
2024-08-02 03:24:09.391976,2916
2024-08-02 03:24:15.266102,2919
2024-08-02 03:24:20.301067,2920
2024-08-02 03:24:26.175193,2923
2024-08-02 03:24:31.210158,2924
2024-08-02 03:24:37.084284,2925
2024-08-02 03:24:42.958410,2928
2024-08-02 03:24:47.993375,2929
2024-08-02 03:24:53.867501,2932
2024-08-02 03:24:58.902466,2933
2024-08-02 03:25:04.776591,2934
2024-08-02 03:25:10.650717,2937
2024-08-02 03:25:15.685682,2938
2024-08-02 03:25:21.559808,2941
2024-08-02 03:25:26.594773,2942
2024-08-02 03:25:32.468899,2943
2024-08-02 03:25:38.343025,2946
2024-08-02 03:25:43.377990,2947
2024-08-02 03:25:49.252116,2950
2024-08-02 03:25:54.287081,2951
2024-08-02 03:26:00.161207,2952
2024-08-02 03:26:06.035333,2955
2024-08-02 03:26:11.070298,2956
2024-08-02 03:26:16.944424,2959
2024-08-02 03:26:21.979389,2960
2024-08-02 03:26:27.853514,2961
2024-08-02 03:26:33.727640,2964
2024-08-02 03:26:38.762605,2965
2024-08-02 03:26:44.636731,2968
2024-08-02 03:26:49.671696,2969
2024-08-02 03:26:55.545822,2970
2024-08-02 03:27:01.419948,2973
2024-08-02 03:27:06.454913,2974
2024-08-02 03:27:12.329039,2977
2024-08-02 03:27:17.364004,2978
2024-08-02 03:27:23.238130,2979
2024-08-02 03:27:29.112256,2982
2024-08-02 03:27:34.147221,2983
2024-08-02 03:27:40.021347,2986
2024-08-02 03:27:45.056312,2987
2024-08-02 03:27:50.930438,2988
2024-08-02 03:27:56.804563,2991
2024-08-02 03:28:01.839528,2992
2024-08-02 03:28:07.713654,2995
2024-08-02 03:28:12.748619,2996
2024-08-02 03:28:18.622745,2997
2024-08-02 03:28:24.496871,3000
2024-08-02 03:28:29.531836,3001
2024-08-02 03:28:35.405962,3004
2024-08-02 03:28:40.440927,3005
2024-08-02 03:28:46.315053,3006
2024-08-02 03:28:52.189179,3009
2024-08-02 03:28:57.224144,3010
2024-08-02 03:29:03.098270,3013
2024-08-02 03:29:08.133235,3014
2024-08-02 03:29:14.007361,3015
2024-08-02 03:29:19.881487,3018
2024-08-02 03:29:24.916452,3019
2024-08-02 03:29:30.790577,3022
2024-08-02 03:29:35.825542,3023
2024-08-02 03:29:41.699668,3024
2024-08-02 03:29:47.573794,3027
2024-08-02 03:29:52.608759,3028
2024-08-02 03:29:58.482885,3031
2024-08-02 03:30:03.517850,3032
2024-08-02 03:30:09.391976,3033
2024-08-02 03:30:15.266102,3036
2024-08-02 03:30:20.301067,3037
2024-08-02 03:30:26.175193,3040
2024-08-02 03:30:31.210158,3041
2024-08-02 03:30:37.084284,3042
2024-08-02 03:30:42.958410,3045
2024-08-02 03:30:47.993375,3046
2024-08-02 03:30:53.867501,3049
2024-08-02 03:30:58.902466,3050
2024-08-02 03:31:04.776591,3051
2024-08-02 03:31:10.650717,3054
2024-08-02 03:31:15.685682,3055
2024-08-02 03:31:21.559808,3058
2024-08-02 03:31:26.594773,3059
2024-08-02 03:31:32.468899,3060
2024-08-02 03:31:38.343025,3063
2024-08-02 03:31:43.377990,3064
2024-08-02 03:31:49.252116,3067
2024-08-02 03:31:54.287081,3068
2024-08-02 03:32:00.161207,3069
2024-08-02 03:32:06.035333,3072
2024-08-02 03:32:11.070298,3073
2024-08-02 03:32:16.944424,3076
2024-08-02 03:32:21.979389,3077
2024-08-02 03:32:27.853514,3078
2024-08-02 03:32:33.727640,3081
2024-08-02 03:32:38.762605,3082
2024-08-02 03:32:44.636731,3085
2024-08-02 03:32:49.671696,3086
2024-08-02 03:32:55.545822,3087
2024-08-02 03:33:01.419948,3090
2024-08-02 03:33:06.454913,3091
2024-08-02 03:33:12.329039,3094
2024-08-02 03:33:17.364004,3095
2024-08-02 03:33:23.238130,3096
2024-08-02 03:33:29.112256,3099
2024-08-02 03:33:34.147221,3100
2024-08-02 03:33:40.021347,3103
2024-08-02 03:33:45.056312,3104
2024-08-02 03:33:50.930438,3105
2024-08-02 03:33:56.804563,3108
2024-08-02 03:34:01.839528,3109
2024-08-02 03:34:07.713654,3112
2024-08-02 03:34:12.748619,3113
2024-08-02 03:34:18.622745,3114
2024-08-02 03:34:24.496871,3117
2024-08-02 03:34:29.531836,3118
2024-08-02 03:34:35.405962,3121
2024-08-02 03:34:40.440927,3122
2024-08-02 03:34:46.315053,3123
2024-08-02 03:34:52.189179,3126
2024-08-02 03:34:57.224144,3127
2024-08-02 03:35:03.098270,3130
2024-08-02 03:35:08.133235,3131
2024-08-02 03:35:14.007361,3132
2024-08-02 03:35:19.881487,3135
2024-08-02 03:35:24.916452,3136
2024-08-02 03:35:30.790577,3139
2024-08-02 03:35:35.825542,3140
2024-08-02 06:30:31.210158,3141
2024-08-02 06:30:32.210158,3145
2024-08-02 06:30:33.210158,3146
2024-08-02 06:30:37.084284,3147
2024-08-02 06:30:42.958410,3148
2024-08-02 06:30:58.902466,3149
2024-08-02 06:30:59.902466,3153
2024-08-02 06:31:00.902466,3154
2024-08-02 06:31:04.776591,3155
2024-08-02 06:31:10.650717,3156
2024-08-02 06:31:26.594773,3157
2024-08-02 06:31:27.594773,3161
2024-08-02 06:31:28.594773,3162
2024-08-02 06:31:32.468899,3163
2024-08-02 06:31:38.343025,3164
2024-08-02 06:31:54.287081,3165
2024-08-02 06:31:55.287081,3169
2024-08-02 06:31:56.287081,3170
2024-08-02 06:32:00.161207,3171
2024-08-02 06:32:06.035333,3172
2024-08-02 06:32:21.979389,3173
2024-08-02 06:32:22.979389,3177
2024-08-02 06:32:23.979389,3178
2024-08-02 06:32:27.853514,3179
2024-08-02 06:32:33.727640,3180
2024-08-02 06:32:49.671696,3181
2024-08-02 06:32:50.671696,3185
2024-08-02 06:32:51.671696,3186
2024-08-02 06:32:55.545822,3187
2024-08-02 06:33:01.419948,3188
2024-08-02 06:33:17.364004,3189
2024-08-02 06:33:18.364004,3193
2024-08-02 06:33:19.364004,3194
2024-08-02 06:33:23.238130,3195
2024-08-02 06:33:29.112256,3196
2024-08-02 06:33:45.056312,3197
2024-08-02 06:33:46.056312,3201
2024-08-02 06:33:47.056312,3202
2024-08-02 06:33:50.930438,3203
2024-08-02 06:33:56.804563,3204
2024-08-02 06:34:12.748619,3205
2024-08-02 06:34:13.748619,3209
2024-08-02 06:34:14.748619,3210
2024-08-02 06:34:18.622745,3211
2024-08-02 06:34:24.496871,3212
2024-08-02 06:34:40.440927,3213
2024-08-02 06:34:41.440927,3217
2024-08-02 06:34:42.440927,3218
2024-08-02 06:34:46.315053,3219
2024-08-02 06:34:52.189179,3220
2024-08-02 06:35:08.133235,3221
2024-08-02 06:35:09.133235,3225
2024-08-02 06:35:10.133235,3226
2024-08-02 06:35:14.007361,3227
2024-08-02 06:35:19.881487,3228
2024-08-02 06:35:35.825542,3229
2024-08-02 06:35:36.825542,3233
2024-08-02 06:35:37.825542,3234
2024-08-02 06:35:41.699668,3235
2024-08-02 06:35:47.573794,3236
2024-08-02 06:36:03.517850,3237
2024-08-02 06:36:04.517850,3241
2024-08-02 06:36:05.517850,3242
2024-08-02 06:36:09.391976,3243
2024-08-02 06:36:15.266102,3244
2024-08-02 06:36:31.210158,3245
2024-08-02 06:36:32.210158,3249
2024-08-02 06:36:33.210158,3250
2024-08-02 06:36:37.084284,3251
2024-08-02 06:36:42.958410,3252
2024-08-02 06:36:58.902466,3253
2024-08-02 06:36:59.902466,3257
2024-08-02 06:37:00.902466,3258
2024-08-02 06:37:04.776591,3259
2024-08-02 06:37:10.650717,3260
2024-08-02 06:37:26.594773,3261
2024-08-02 06:37:27.594773,3265
2024-08-02 06:37:28.594773,3266
2024-08-02 06:37:32.468899,3267
2024-08-02 06:37:38.343025,3268
2024-08-02 06:37:54.287081,3269
2024-08-02 06:37:55.287081,3273
2024-08-02 06:37:56.287081,3274
2024-08-02 06:38:00.161207,3275
2024-08-02 06:38:06.035333,3276
2024-08-02 06:38:21.979389,3277
2024-08-02 06:38:22.979389,3281
2024-08-02 06:38:23.979389,3282
2024-08-02 06:38:27.853514,3283
2024-08-02 06:38:33.727640,3284
2024-08-02 06:38:49.671696,3285
2024-08-02 06:38:50.671696,3289
2024-08-02 06:38:51.671696,3290
2024-08-02 06:38:55.545822,3291
2024-08-02 06:39:01.419948,3292
2024-08-02 06:39:17.364004,3293
2024-08-02 06:39:18.364004,3297
2024-08-02 06:39:19.364004,3298
2024-08-02 06:39:23.238130,3299
2024-08-02 06:39:29.112256,3300
2024-08-02 06:39:45.056312,3301
2024-08-02 06:39:46.056312,3305
2024-08-02 06:39:47.056312,3306
2024-08-02 06:39:50.930438,3307
2024-08-02 06:39:56.804563,3308
2024-08-02 06:40:12.748619,3309
2024-08-02 06:40:13.748619,3313
2024-08-02 06:40:14.748619,3314
2024-08-02 06:40:18.622745,3315
2024-08-02 06:40:24.496871,3316
2024-08-02 06:40:40.440927,3317
2024-08-02 06:40:41.440927,3321
2024-08-02 06:40:42.440927,3322
2024-08-02 06:40:46.315053,3323
2024-08-02 06:40:52.189179,3324
2024-08-02 06:41:08.133235,3325
2024-08-02 06:41:09.133235,3329
2024-08-02 06:41:10.133235,3330
2024-08-02 06:41:14.007361,3331
2024-08-02 06:41:19.881487,3332
2024-08-02 06:41:35.825542,3333
2024-08-02 06:41:36.825542,3337
2024-08-02 06:41:37.825542,3338
2024-08-02 06:41:41.699668,3339
2024-08-02 06:41:47.573794,3340
2024-08-02 06:42:03.517850,3341
2024-08-02 06:42:04.517850,3345
2024-08-02 06:42:05.517850,3346
2024-08-02 06:42:09.391976,3347
2024-08-02 06:42:15.266102,3348
2024-08-02 06:42:31.210158,3349
2024-08-02 06:42:32.210158,3353
2024-08-02 06:42:33.210158,3354
2024-08-02 06:42:37.084284,3355
2024-08-02 06:42:42.958410,3356
2024-08-02 06:42:58.902466,3357
2024-08-02 06:42:59.902466,3361
2024-08-02 06:43:00.902466,3362
2024-08-02 06:43:04.776591,3363
2024-08-02 06:43:10.650717,3364
2024-08-02 06:43:26.594773,3365
2024-08-02 06:43:27.594773,3369
2024-08-02 06:43:28.594773,3370
2024-08-02 06:43:32.468899,3371
2024-08-02 06:43:38.343025,3372
2024-08-02 06:43:54.287081,3373
2024-08-02 06:43:55.287081,3377
2024-08-02 06:43:56.287081,3378
2024-08-02 06:44:00.161207,3379
2024-08-02 06:44:06.035333,3380
2024-08-02 06:44:21.979389,3381
2024-08-02 06:44:22.979389,3385
2024-08-02 06:44:23.979389,3386
2024-08-02 06:44:27.853514,3387
2024-08-02 06:44:33.727640,3388
2024-08-02 06:44:49.671696,3389
2024-08-02 06:44:50.671696,3393
2024-08-02 06:44:51.671696,3394
2024-08-02 06:44:55.545822,3395
2024-08-02 06:45:01.419948,3396
2024-08-02 06:45:17.364004,3397
2024-08-02 06:45:18.364004,3401
2024-08-02 06:45:19.364004,3402
2024-08-02 06:45:23.238130,3403
2024-08-02 06:45:29.112256,3404
2024-08-02 06:45:45.056312,3405
2024-08-02 06:45:46.056312,3409
2024-08-02 06:45:47.056312,3410
2024-08-02 06:45:50.930438,3411
2024-08-02 06:45:56.804563,3412
2024-08-02 06:46:12.748619,3413
2024-08-02 06:46:13.748619,3417
2024-08-02 06:46:14.748619,3418
2024-08-02 06:46:18.622745,3419
2024-08-02 06:46:24.496871,3420
2024-08-02 06:46:40.440927,3421
2024-08-02 06:46:41.440927,3425
2024-08-02 06:46:42.440927,3426
2024-08-02 06:46:46.315053,3427
2024-08-02 06:46:52.189179,3428
2024-08-02 06:47:08.133235,3429
2024-08-02 06:47:09.133235,3433
2024-08-02 06:47:10.133235,3434
2024-08-02 06:47:14.007361,3435
2024-08-02 06:47:19.881487,3436
2024-08-02 06:47:35.825542,3437
2024-08-02 06:47:36.825542,3441
2024-08-02 06:47:37.825542,3442
2024-08-02 06:47:41.699668,3443
2024-08-02 06:47:47.573794,3444
2024-08-02 06:48:03.517850,3445
2024-08-02 06:48:04.517850,3449
2024-08-02 06:48:05.517850,3450
2024-08-02 06:48:09.391976,3451
2024-08-02 06:48:15.266102,3452
2024-08-02 06:48:31.210158,3453
2024-08-02 06:48:32.210158,3457
2024-08-02 06:48:33.210158,3458
2024-08-02 06:48:37.084284,3459
2024-08-02 06:48:42.958410,3460
2024-08-02 06:48:58.902466,3461
2024-08-02 06:48:59.902466,3465
2024-08-02 06:49:00.902466,3466
2024-08-02 06:49:04.776591,3467
2024-08-02 06:49:10.650717,3468
2024-08-02 06:49:26.594773,3469
2024-08-02 06:49:27.594773,3473
2024-08-02 06:49:28.594773,3474
2024-08-02 06:49:32.468899,3475
2024-08-02 06:49:38.343025,3476
2024-08-02 06:49:54.287081,3477
2024-08-02 06:49:55.287081,3481
2024-08-02 06:49:56.287081,3482
2024-08-02 06:50:00.161207,3483
2024-08-02 06:50:06.035333,3484
2024-08-02 06:50:21.979389,3485
2024-08-02 06:50:22.979389,3489
2024-08-02 06:50:23.979389,3490
2024-08-02 06:50:27.853514,3491
2024-08-02 06:50:33.727640,3492
2024-08-02 06:50:49.671696,3493
2024-08-02 06:50:50.671696,3497
2024-08-02 06:50:51.671696,3498
2024-08-02 06:50:55.545822,3499
2024-08-02 06:51:01.419948,3500
2024-08-02 06:51:17.364004,3501
2024-08-02 06:51:18.364004,3505
2024-08-02 06:51:19.364004,3506
2024-08-02 06:51:23.238130,3507
2024-08-02 06:51:29.112256,3508
2024-08-02 06:51:45.056312,3509
2024-08-02 06:51:46.056312,3513
2024-08-02 06:51:47.056312,3514
2024-08-02 06:51:50.930438,3515
2024-08-02 06:51:56.804563,3516
2024-08-02 06:52:12.748619,3517
2024-08-02 06:52:13.748619,3521
2024-08-02 06:52:14.748619,3522
2024-08-02 06:52:18.622745,3523
2024-08-02 06:52:24.496871,3524
2024-08-02 06:52:40.440927,3525
2024-08-02 06:52:41.440927,3529
2024-08-02 06:52:42.440927,3530
2024-08-02 06:52:46.315053,3531
2024-08-02 06:52:52.189179,3532
2024-08-02 06:53:08.133235,3533
2024-08-02 06:53:09.133235,3537
2024-08-02 06:53:10.133235,3538
2024-08-02 06:53:14.007361,3539
2024-08-02 06:53:19.881487,3540
2024-08-02 06:53:35.825542,3541
2024-08-02 06:53:36.825542,3545
2024-08-02 06:53:37.825542,3546
2024-08-02 06:53:41.699668,3547
2024-08-02 06:53:47.573794,3548
2024-08-02 06:54:03.517850,3549
2024-08-02 06:54:04.517850,3553
2024-08-02 06:54:05.517850,3554
2024-08-02 06:54:09.391976,3555
2024-08-02 06:54:15.266102,3556
2024-08-02 06:54:31.210158,3557
2024-08-02 06:54:32.210158,3561
2024-08-02 06:54:33.210158,3562
2024-08-02 06:54:37.084284,3563
2024-08-02 06:54:42.958410,3564
2024-08-02 06:54:58.902466,3565
2024-08-02 06:54:59.902466,3569
2024-08-02 06:55:00.902466,3570
2024-08-02 06:55:04.776591,3571
2024-08-02 06:55:10.650717,3572
2024-08-02 06:55:26.594773,3573
2024-08-02 06:55:27.594773,3577
2024-08-02 06:55:28.594773,3578
2024-08-02 06:55:32.468899,3579
2024-08-02 06:55:38.343025,3580
2024-08-02 06:55:54.287081,3581
2024-08-02 06:55:55.287081,3585
2024-08-02 06:55:56.287081,3586
2024-08-02 06:56:00.161207,3587
2024-08-02 06:56:06.035333,3588
2024-08-02 06:56:21.979389,3589
2024-08-02 06:56:22.979389,3593
2024-08-02 06:56:23.979389,3594
2024-08-02 06:56:27.853514,3595
2024-08-02 06:56:33.727640,3596
2024-08-02 06:56:49.671696,3597
2024-08-02 06:56:50.671696,3601
2024-08-02 06:56:53.350018,3602
2024-08-02 06:56:55.545822,3603
2024-08-02 06:57:04.259109,3604
2024-08-02 06:57:17.364004,3605
2024-08-02 06:57:18.364004,3607
2024-08-02 06:57:26.077291,3609
2024-08-02 06:57:36.986382,3611
2024-08-02 06:57:47.895473,3613
2024-08-02 06:57:58.804563,3615
2024-08-02 06:58:09.713654,3617
2024-08-02 06:58:20.622745,3619
2024-08-02 06:58:31.531836,3621
2024-08-02 06:58:42.440927,3623
2024-08-02 06:58:53.350018,3625
2024-08-02 06:59:04.259109,3627
2024-08-02 06:59:15.168200,3629
2024-08-02 06:59:26.077291,3631
2024-08-02 06:59:36.986382,3633
2024-08-02 06:59:47.895473,3635
2024-08-02 06:59:58.804563,3637
2024-08-02 07:00:09.713654,3639
2024-08-02 07:00:20.622745,3641
2024-08-02 07:00:31.531836,3643
2024-08-02 07:00:42.440927,3645
2024-08-02 07:00:53.350018,3647
2024-08-02 07:01:04.259109,3649
2024-08-02 07:01:15.168200,3651
2024-08-02 07:01:26.077291,3653
2024-08-02 07:01:36.986382,3655
2024-08-02 07:01:47.895473,3657
2024-08-02 07:01:58.804563,3659
2024-08-02 07:02:09.713654,3661
2024-08-02 07:02:20.622745,3663
2024-08-02 07:02:31.531836,3665
2024-08-02 07:02:42.440927,3667
2024-08-02 07:02:53.350018,3669
2024-08-02 07:03:04.259109,3671
2024-08-02 07:03:15.168200,3673
2024-08-02 07:03:26.077291,3675
2024-08-02 07:03:36.986382,3677
2024-08-02 07:03:47.895473,3679
2024-08-02 07:03:58.804563,3681
2024-08-02 07:04:09.713654,3683
2024-08-02 07:04:20.622745,3685
2024-08-02 07:04:31.531836,3687
2024-08-02 07:04:42.440927,3689
2024-08-02 07:04:53.350018,3691
2024-08-02 07:05:04.259109,3693
2024-08-02 07:05:15.168200,3695
2024-08-02 07:05:26.077291,3697
2024-08-02 07:05:36.986382,3699
2024-08-02 07:05:47.895473,3701
2024-08-02 07:05:58.804563,3703
2024-08-02 07:06:09.713654,3705
2024-08-02 07:06:20.622745,3707
2024-08-02 07:06:31.531836,3709
2024-08-02 07:06:42.440927,3711
2024-08-02 07:06:53.350018,3713
2024-08-02 07:07:04.259109,3715
2024-08-02 07:07:15.168200,3717
2024-08-02 07:07:26.077291,3719
2024-08-02 07:07:36.986382,3721
2024-08-02 07:07:47.895473,3723
2024-08-02 07:07:58.804563,3725
2024-08-02 07:08:09.713654,3727
2024-08-02 07:08:20.622745,3729
2024-08-02 07:08:31.531836,3731
2024-08-02 07:08:42.440927,3733
2024-08-02 07:08:53.350018,3735
2024-08-02 07:09:04.259109,3737
2024-08-02 07:09:15.168200,3739
2024-08-02 07:09:26.077291,3741
2024-08-02 07:09:36.986382,3743
2024-08-02 07:09:47.895473,3745
2024-08-02 07:09:58.804563,3747
2024-08-02 07:10:09.713654,3749
2024-08-02 07:10:20.622745,3751
2024-08-02 07:10:31.531836,3753
2024-08-02 07:10:42.440927,3755
2024-08-02 07:10:53.350018,3757
2024-08-02 07:11:04.259109,3759
2024-08-02 07:11:15.168200,3761
2024-08-02 07:11:26.077291,3763
2024-08-02 07:11:36.986382,3765
2024-08-02 07:11:47.895473,3767
2024-08-02 07:11:58.804563,3769
2024-08-02 07:12:09.713654,3771
2024-08-02 07:12:20.622745,3773
2024-08-02 07:12:31.531836,3775
2024-08-02 07:12:42.440927,3777
2024-08-02 07:12:53.350018,3779
2024-08-02 07:13:04.259109,3781
2024-08-02 07:13:15.168200,3783
2024-08-02 07:13:26.077291,3785
2024-08-02 07:13:36.986382,3787
2024-08-02 07:13:47.895473,3789
2024-08-02 07:13:58.804563,3791
2024-08-02 07:14:09.713654,3793
2024-08-02 07:14:20.622745,3795
2024-08-02 07:14:31.531836,3797
2024-08-02 07:14:42.440927,3799
2024-08-02 07:14:53.350018,3801
2024-08-02 07:15:04.259109,3803
2024-08-02 07:15:15.168200,3805
2024-08-02 07:15:26.077291,3807
2024-08-02 07:15:36.986382,3809
2024-08-02 07:15:47.895473,3811
2024-08-02 07:15:58.804563,3813
2024-08-02 07:16:09.713654,3815
2024-08-02 07:16:20.622745,3817
2024-08-02 07:16:31.531836,3819
2024-08-02 07:16:42.440927,3821
2024-08-02 07:16:53.350018,3823
2024-08-02 07:17:04.259109,3825
2024-08-02 07:17:15.168200,3827
2024-08-02 07:17:26.077291,3829
2024-08-02 07:17:36.986382,3831
2024-08-02 07:17:47.895473,3833
2024-08-02 07:17:58.804563,3835
2024-08-02 07:18:09.713654,3837
2024-08-02 07:18:20.622745,3839
2024-08-02 07:18:31.531836,3841
2024-08-02 07:18:42.440927,3843
2024-08-02 07:18:53.350018,3845
2024-08-02 07:19:04.259109,3847
2024-08-02 07:19:15.168200,3849
2024-08-02 07:19:26.077291,3851
2024-08-02 07:19:36.986382,3853
2024-08-02 07:19:47.895473,3855
2024-08-02 07:19:58.804563,3857
2024-08-02 07:20:09.713654,3859
2024-08-02 07:20:20.622745,3861
2024-08-02 07:20:31.531836,3863
2024-08-02 07:20:42.440927,3865
2024-08-02 07:20:53.350018,3867
2024-08-02 07:21:04.259109,3869
2024-08-02 07:21:15.168200,3871
2024-08-02 07:21:26.077291,3873
2024-08-02 07:21:36.986382,3875
2024-08-02 07:21:47.895473,3877
2024-08-02 07:21:58.804563,3879
2024-08-02 07:22:09.713654,3881
2024-08-02 07:22:20.622745,3883
2024-08-02 07:22:31.531836,3885
2024-08-02 07:22:42.440927,3887
2024-08-02 07:22:53.350018,3889
2024-08-02 07:23:04.259109,3891
2024-08-02 07:23:15.168200,3893
2024-08-02 07:23:26.077291,3895
2024-08-02 07:23:36.986382,3897
2024-08-02 07:23:47.895473,3899
2024-08-02 07:23:58.804563,3901
2024-08-02 07:24:09.713654,3903
2024-08-02 07:24:20.622745,3905
2024-08-02 07:24:31.531836,3907
2024-08-02 07:24:42.440927,3909
2024-08-02 07:24:53.350018,3911
2024-08-02 07:25:04.259109,3913
2024-08-02 07:25:15.168200,3915
2024-08-02 07:25:26.077291,3917
2024-08-02 07:25:36.986382,3919
2024-08-02 07:25:47.895473,3921
2024-08-02 07:25:58.804563,3923
2024-08-02 07:26:09.713654,3925
2024-08-02 07:26:20.622745,3927
2024-08-02 07:26:31.531836,3929
2024-08-02 07:26:42.440927,3931
2024-08-02 07:26:53.350018,3933
2024-08-02 07:27:04.259109,3935
2024-08-02 07:27:15.168200,3937
2024-08-02 07:27:26.077291,3939
2024-08-02 07:27:36.986382,3941
2024-08-02 07:27:47.895473,3943
2024-08-02 07:27:58.804563,3945
2024-08-02 07:28:09.713654,3947
2024-08-02 07:28:20.622745,3949
2024-08-02 07:28:31.531836,3951
2024-08-02 07:28:42.440927,3953
2024-08-02 07:28:53.350018,3955
2024-08-02 07:29:04.259109,3957
2024-08-02 07:29:15.168200,3959
2024-08-02 07:29:26.077291,3961
2024-08-02 07:29:36.986382,3963
2024-08-02 07:29:47.895473,3965
2024-08-02 07:29:58.804563,3967
2024-08-02 07:30:09.713654,3969
2024-08-02 07:30:20.622745,3971
2024-08-02 07:30:31.531836,3973
2024-08-02 07:30:42.440927,3975
2024-08-02 07:30:53.350018,3977
2024-08-02 07:31:04.259109,3979
2024-08-02 07:31:15.168200,3981
2024-08-02 07:31:26.077291,3983
2024-08-02 07:31:36.986382,3985
2024-08-02 07:31:47.895473,3987
2024-08-02 07:31:58.804563,3989
2024-08-02 07:32:09.713654,3991
2024-08-02 07:32:20.622745,3993
2024-08-02 07:32:31.531836,3995
2024-08-02 07:32:42.440927,3997
2024-08-02 07:32:53.350018,3999
2024-08-02 07:33:04.259109,4001
2024-08-02 07:33:15.168200,4003
2024-08-02 07:33:26.077291,4005
2024-08-02 07:33:36.986382,4007
2024-08-02 07:33:47.895473,4009
2024-08-02 07:33:58.804563,4011
2024-08-02 07:34:09.713654,4013
2024-08-02 07:34:20.622745,4015
2024-08-02 07:34:31.531836,4017
2024-08-02 07:34:42.440927,4019
2024-08-02 07:34:53.350018,4021
2024-08-02 07:35:04.259109,4023
2024-08-02 07:35:15.168200,4025
2024-08-02 07:35:26.077291,4027
2024-08-02 07:35:36.986382,4029
2024-08-02 07:35:47.895473,4031
2024-08-02 07:35:58.804563,4033
2024-08-02 07:36:09.713654,4035
2024-08-02 07:36:20.622745,4037
2024-08-02 07:36:31.531836,4039
2024-08-02 07:36:42.440927,4041
2024-08-02 07:36:53.350018,4043
2024-08-02 07:37:04.259109,4045
2024-08-02 07:37:15.168200,4047
2024-08-02 07:37:26.077291,4049
2024-08-02 07:37:36.986382,4051
2024-08-02 07:37:47.895473,4053
2024-08-02 07:37:58.804563,4055
2024-08-02 07:38:09.713654,4057
2024-08-02 07:38:20.622745,4059
2024-08-02 07:38:31.531836,4061
2024-08-02 07:38:42.440927,4063
2024-08-02 07:38:53.350018,4065
2024-08-02 07:39:04.259109,4067
2024-08-02 07:39:15.168200,4069
2024-08-02 07:39:26.077291,4071
2024-08-02 07:39:36.986382,4073
2024-08-02 07:39:47.895473,4075
2024-08-02 07:39:58.804563,4077
2024-08-02 07:40:09.713654,4079
2024-08-02 07:40:20.622745,4081
2024-08-02 07:40:31.531836,4083
2024-08-02 07:40:42.440927,4085
2024-08-02 07:40:53.350018,4087
2024-08-02 07:41:04.259109,4089
2024-08-02 07:41:15.168200,4091
2024-08-02 07:41:26.077291,4093
2024-08-02 07:41:36.986382,4095
2024-08-02 07:41:47.895473,4097
2024-08-02 07:41:58.804563,4099
2024-08-02 07:42:09.713654,4101
2024-08-02 07:42:20.622745,4103
2024-08-02 07:42:31.531836,4105
2024-08-02 07:42:42.440927,4107
2024-08-02 07:42:53.350018,4109
2024-08-02 07:43:04.259109,4111
2024-08-02 07:43:15.168200,4113
2024-08-02 07:43:26.077291,4115
2024-08-02 07:43:36.986382,4117
2024-08-02 07:43:47.895473,4119
2024-08-02 07:43:58.804563,4121
2024-08-02 07:44:09.713654,4123
2024-08-02 07:44:20.622745,4125
2024-08-02 07:44:31.531836,4127
2024-08-02 07:44:42.440927,4129
2024-08-02 07:44:53.350018,4131
2024-08-02 07:45:04.259109,4133
2024-08-02 07:45:15.168200,4135
2024-08-02 07:45:26.077291,4137
2024-08-02 07:45:36.986382,4139
2024-08-02 07:45:47.895473,4141
2024-08-02 07:45:58.804563,4143
2024-08-02 07:46:09.713654,4145
2024-08-02 07:46:20.622745,4147
2024-08-02 07:46:31.531836,4149
2024-08-02 07:46:42.440927,4151
2024-08-02 07:46:53.350018,4153
2024-08-02 07:47:04.259109,4155
2024-08-02 07:47:15.168200,4157
2024-08-02 07:47:26.077291,4159
2024-08-02 07:47:36.986382,4161
2024-08-02 07:47:47.895473,4163
2024-08-02 07:47:58.804563,4165
2024-08-02 07:48:09.713654,4167
2024-08-02 07:48:20.622745,4169
2024-08-02 07:48:31.531836,4171
2024-08-02 07:48:42.440927,4173
2024-08-02 07:48:53.350018,4175
2024-08-02 07:49:04.259109,4177
2024-08-02 07:49:15.168200,4179
2024-08-02 07:49:26.077291,4181
2024-08-02 07:49:36.986382,4183
2024-08-02 07:49:47.895473,4185
2024-08-02 07:49:58.804563,4187
2024-08-02 07:50:09.713654,4189
2024-08-02 07:50:20.622745,4191
2024-08-02 07:50:31.531836,4193
2024-08-02 07:50:42.440927,4195
2024-08-02 07:50:53.350018,4197
2024-08-02 07:51:04.259109,4199
2024-08-02 07:51:15.168200,4201
2024-08-02 07:51:26.077291,4203
2024-08-02 07:51:36.986382,4205
2024-08-02 07:51:47.895473,4207
2024-08-02 07:51:58.804563,4209
2024-08-02 07:52:09.713654,4211
2024-08-02 07:52:20.622745,4213
2024-08-02 07:52:31.531836,4215
2024-08-02 07:52:42.440927,4217
2024-08-02 07:52:53.350018,4219
2024-08-02 07:53:04.259109,4221
2024-08-02 07:53:15.168200,4223
2024-08-02 07:53:26.077291,4225
2024-08-02 07:53:36.986382,4227
2024-08-02 07:53:47.895473,4229
2024-08-02 07:53:58.804563,4231
2024-08-02 07:54:09.713654,4233
2024-08-02 07:54:20.622745,4235
2024-08-02 07:54:31.531836,4237
2024-08-02 07:54:42.440927,4239
2024-08-02 07:54:53.350018,4241
2024-08-02 07:55:04.259109,4243
2024-08-02 07:55:15.168200,4245
2024-08-02 07:55:26.077291,4247
2024-08-02 07:55:36.986382,4249
2024-08-02 07:55:47.895473,4251
2024-08-02 07:55:58.804563,4253
2024-08-02 07:56:09.713654,4255
2024-08-02 07:56:20.622745,4257
2024-08-02 07:56:31.531836,4259
2024-08-02 07:56:42.440927,4261
2024-08-02 07:56:53.350018,4263
2024-08-02 07:57:04.259109,4265
2024-08-02 07:57:15.168200,4267
2024-08-02 07:57:26.077291,4269
2024-08-02 07:57:36.986382,4271
2024-08-02 07:57:47.895473,4273
2024-08-02 07:57:58.804563,4275
2024-08-02 07:58:09.713654,4277
2024-08-02 07:58:20.622745,4279
2024-08-02 07:58:31.531836,4281
2024-08-02 07:58:42.440927,4283
2024-08-02 07:58:53.350018,4285
2024-08-02 07:59:04.259109,4287
2024-08-02 07:59:15.168200,4289
2024-08-02 07:59:26.077291,4291
2024-08-02 07:59:36.986382,4293
2024-08-02 07:59:47.895473,4295
2024-08-02 07:59:58.804563,4297
2024-08-02 08:00:09.713654,4299
2024-08-02 08:00:20.622745,4301
2024-08-02 08:00:31.531836,4303
2024-08-02 08:00:42.440927,4305
2024-08-02 08:00:53.350018,4307
2024-08-02 08:01:04.259109,4309
2024-08-02 08:01:15.168200,4311
2024-08-02 08:01:26.077291,4313
2024-08-02 08:01:36.986382,4315
2024-08-02 08:01:47.895473,4317
2024-08-02 08:01:58.804563,4319
2024-08-02 08:02:09.713654,4321
2024-08-02 08:02:20.622745,4323
2024-08-02 08:02:31.531836,4325
2024-08-02 08:02:42.440927,4327
2024-08-02 08:02:53.350018,4329
2024-08-02 08:03:04.259109,4331
2024-08-02 08:03:15.168200,4333
2024-08-02 08:03:26.077291,4335
2024-08-02 08:03:36.986382,4337
2024-08-02 08:03:47.895473,4339
2024-08-02 08:03:58.804563,4341
2024-08-02 08:04:09.713654,4343
2024-08-02 08:04:20.622745,4345
2024-08-02 08:04:31.531836,4347
2024-08-02 08:04:42.440927,4349
2024-08-02 08:04:53.350018,4351
2024-08-02 08:05:04.259109,4353
2024-08-02 08:05:15.168200,4355
2024-08-02 08:05:26.077291,4357
2024-08-02 08:05:36.986382,4359
2024-08-02 08:05:47.895473,4361
2024-08-02 08:05:58.804563,4363
2024-08-02 08:06:09.713654,4365
2024-08-02 08:06:20.622745,4367
2024-08-02 08:06:31.531836,4369
2024-08-02 08:06:42.440927,4371
2024-08-02 08:06:53.350018,4373
2024-08-02 08:07:04.259109,4375
2024-08-02 08:07:15.168200,4377
2024-08-02 08:07:26.077291,4379
2024-08-02 08:07:36.986382,4381
2024-08-02 08:07:47.895473,4383
2024-08-02 08:07:58.804563,4385
2024-08-02 08:08:09.713654,4387
2024-08-02 08:08:20.622745,4389
2024-08-02 08:08:31.531836,4391
2024-08-02 08:08:42.440927,4393
2024-08-02 08:08:53.350018,4395
2024-08-02 08:09:04.259109,4397
2024-08-02 08:09:15.168200,4399
2024-08-02 08:09:26.077291,4401
2024-08-02 08:09:36.986382,4403
2024-08-02 08:09:47.895473,4405
2024-08-02 08:09:58.804563,4407
2024-08-02 08:10:09.713654,4409
2024-08-02 08:10:20.622745,4411
2024-08-02 08:10:31.531836,4413
2024-08-02 08:10:42.440927,4415
2024-08-02 08:10:53.350018,4417
2024-08-02 08:11:04.259109,4419
2024-08-02 08:11:15.168200,4421
2024-08-02 08:11:26.077291,4423
2024-08-02 08:11:36.986382,4425
2024-08-02 08:11:47.895473,4427
2024-08-02 08:11:58.804563,4429
2024-08-02 08:12:09.713654,4431
2024-08-02 08:12:20.622745,4433
2024-08-02 08:12:31.531836,4435
2024-08-02 08:12:42.440927,4437
2024-08-02 08:12:53.350018,4439
2024-08-02 08:13:04.259109,4441
2024-08-02 08:13:15.168200,4443
2024-08-02 08:13:26.077291,4445
2024-08-02 08:13:36.986382,4447
2024-08-02 08:13:47.895473,4449
2024-08-02 08:13:58.804563,4451
2024-08-02 08:14:09.713654,4453
2024-08-02 08:14:20.622745,4455
2024-08-02 08:14:31.531836,4457
2024-08-02 08:14:42.440927,4459
2024-08-02 08:14:53.350018,4461
2024-08-02 08:15:04.259109,4463
2024-08-02 08:15:15.168200,4465
2024-08-02 08:15:26.077291,4467
2024-08-02 08:15:36.986382,4469
2024-08-02 08:15:47.895473,4471
2024-08-02 08:15:58.804563,4473
2024-08-02 08:16:09.713654,4475
2024-08-02 08:16:20.622745,4477
2024-08-02 08:16:31.531836,4479
2024-08-02 08:16:42.440927,4481
2024-08-02 08:16:53.350018,4483
2024-08-02 08:17:04.259109,4485
2024-08-02 08:17:15.168200,4487
2024-08-02 08:17:26.077291,4489
2024-08-02 08:17:36.986382,4491
2024-08-02 08:17:47.895473,4493
2024-08-02 08:17:58.804563,4495
2024-08-02 08:18:09.713654,4497
2024-08-02 08:18:20.622745,4499
2024-08-02 08:18:31.531836,4501
2024-08-02 08:18:42.440927,4503
2024-08-02 08:18:53.350018,4505
2024-08-02 08:19:04.259109,4507
2024-08-02 08:19:15.168200,4509
2024-08-02 08:19:26.077291,4511
2024-08-02 08:19:36.986382,4513
2024-08-02 08:19:47.895473,4515
2024-08-02 08:19:58.804563,4517
2024-08-02 08:20:09.713654,4519
2024-08-02 08:20:20.622745,4521
2024-08-02 08:20:31.531836,4523
2024-08-02 08:20:42.440927,4525
2024-08-02 08:20:53.350018,4527
2024-08-02 08:21:04.259109,4529
2024-08-02 08:21:15.168200,4531
2024-08-02 08:21:26.077291,4533
2024-08-02 08:21:36.986382,4535
2024-08-02 08:21:47.895473,4537
2024-08-02 08:21:58.804563,4539
2024-08-02 08:22:09.713654,4541
2024-08-02 08:22:20.622745,4543
2024-08-02 08:22:31.531836,4545
2024-08-02 08:22:42.440927,4547
2024-08-02 08:22:53.350018,4549
2024-08-02 08:23:04.259109,4551
2024-08-02 08:23:15.168200,4553
2024-08-02 08:23:26.077291,4555
2024-08-02 08:23:36.986382,4557
2024-08-02 08:23:47.895473,4559
2024-08-02 08:23:58.804563,4561
2024-08-02 08:24:09.713654,4563
2024-08-02 08:24:20.622745,4565
2024-08-02 08:24:31.531836,4567
2024-08-02 08:24:42.440927,4569
2024-08-02 08:24:53.350018,4571
2024-08-02 08:25:04.259109,4573
2024-08-02 08:25:15.168200,4575
2024-08-02 08:25:26.077291,4577
2024-08-02 08:25:36.986382,4579
2024-08-02 08:25:47.895473,4581
2024-08-02 08:25:58.804563,4583
2024-08-02 08:26:09.713654,4585
2024-08-02 08:26:20.622745,4587
2024-08-02 08:26:31.531836,4589
2024-08-02 08:26:42.440927,4591
2024-08-02 08:26:53.350018,4593
2024-08-02 08:27:04.259109,4595
2024-08-02 08:27:15.168200,4597
2024-08-02 08:27:26.077291,4599
2024-08-02 08:27:36.986382,4601
2024-08-02 08:27:47.895473,4603
2024-08-02 08:27:58.804563,4605
2024-08-02 08:28:09.713654,4607
2024-08-02 08:28:20.622745,4609
2024-08-02 08:28:31.531836,4611
2024-08-02 08:28:42.440927,4613
2024-08-02 08:28:53.350018,4615
2024-08-02 08:29:04.259109,4617
2024-08-02 08:29:15.168200,4619
2024-08-02 08:29:26.077291,4621
2024-08-02 08:29:36.986382,4623
2024-08-02 08:29:47.895473,4625
2024-08-02 08:29:58.804563,4627
2024-08-02 08:30:09.713654,4629
2024-08-02 08:30:20.622745,4631
2024-08-02 09:00:31.531836,4634
2024-08-02 09:00:42.440927,4636
2024-08-02 09:00:53.350018,4638
2024-08-02 09:01:04.259109,4640
2024-08-02 09:01:15.168200,4642
2024-08-02 09:01:26.077291,4644
2024-08-02 09:01:36.986382,4646
2024-08-02 09:01:47.895473,4648
2024-08-02 09:01:58.804563,4650
2024-08-02 09:02:09.713654,4652
2024-08-02 09:02:20.622745,4654
2024-08-02 09:02:31.531836,4656
2024-08-02 09:02:42.440927,4658
2024-08-02 09:02:53.350018,4660
2024-08-02 09:03:04.259109,4662
2024-08-02 09:03:15.168200,4664
2024-08-02 09:03:26.077291,4666
2024-08-02 09:03:36.986382,4668
2024-08-02 09:03:47.895473,4670
2024-08-02 09:03:58.804563,4672
2024-08-02 09:04:09.713654,4674
2024-08-02 09:04:20.622745,4676
2024-08-02 09:04:31.531836,4678
2024-08-02 09:04:42.440927,4680
2024-08-02 09:04:53.350018,4682
2024-08-02 09:05:04.259109,4684
2024-08-02 09:05:15.168200,4686
2024-08-02 09:05:26.077291,4688
2024-08-02 09:05:36.986382,4690
2024-08-02 09:05:47.895473,4692
2024-08-02 09:05:58.804563,4694
2024-08-02 09:06:09.713654,4696
2024-08-02 09:06:20.622745,4698
2024-08-02 09:06:31.531836,4700
2024-08-02 09:06:42.440927,4702
2024-08-02 09:06:53.350018,4704
2024-08-02 09:07:04.259109,4706
2024-08-02 09:07:15.168200,4708
2024-08-02 09:07:26.077291,4710
2024-08-02 09:07:36.986382,4712
2024-08-02 09:07:47.895473,4714
2024-08-02 09:07:58.804563,4716
2024-08-02 09:08:09.713654,4718
2024-08-02 09:08:20.622745,4720
2024-08-02 09:08:31.531836,4722
2024-08-02 09:08:42.440927,4724
2024-08-02 09:08:53.350018,4726
2024-08-02 09:09:04.259109,4728
2024-08-02 09:09:15.168200,4730
2024-08-02 09:09:26.077291,4732
2024-08-02 09:09:36.986382,4734
2024-08-02 09:09:47.895473,4736
2024-08-02 09:09:58.804563,4738
2024-08-02 09:10:09.713654,4740
2024-08-02 09:10:20.622745,4742
2024-08-02 09:10:31.531836,4744
2024-08-02 09:10:42.440927,4746
2024-08-02 09:10:53.350018,4748
2024-08-02 09:11:04.259109,4750
2024-08-02 09:11:15.168200,4752
2024-08-02 09:11:26.077291,4754
2024-08-02 09:11:36.986382,4756
2024-08-02 09:11:47.895473,4758
2024-08-02 09:11:58.804563,4760
2024-08-02 09:12:09.713654,4762
2024-08-02 09:12:20.622745,4764
2024-08-02 09:12:31.531836,4766
2024-08-02 09:12:42.440927,4768
2024-08-02 09:12:53.350018,4770
2024-08-02 09:13:04.259109,4772
2024-08-02 09:13:15.168200,4774
2024-08-02 09:13:26.077291,4776
2024-08-02 09:13:36.986382,4778
2024-08-02 09:13:47.895473,4780
2024-08-02 09:13:58.804563,4782
2024-08-02 09:14:09.713654,4784
2024-08-02 09:14:20.622745,4786
2024-08-02 09:14:31.531836,4788
2024-08-02 09:14:42.440927,4790
2024-08-02 09:14:53.350018,4792
2024-08-02 09:15:04.259109,4794
2024-08-02 09:15:15.168200,4796
2024-08-02 09:15:26.077291,4798
2024-08-02 09:15:36.986382,4800
2024-08-02 09:15:47.895473,4802
2024-08-02 09:15:58.804563,4804
2024-08-02 09:16:09.713654,4806
2024-08-02 09:16:20.622745,4808
2024-08-02 09:16:31.531836,4810
2024-08-02 09:16:42.440927,4812
2024-08-02 09:16:53.350018,4814
